{
    "time": {
        "cpu_time_user": "00:00:01.139",
        "cpu_time_system": "00:00:00.160",
        "runtime": "00:00:01.767",
        "cpu_time_iowait": "00:00:00.000"
    },
    "peak_resources": {
        "cpu_percent": 105.4,
        "memory_rss": "52MiB",
        "memory_vms": "69MiB",
        "threads": 1
    },
    "avg_resources": {
        "cpu_percent": 66.45789473684212,
        "memory_rss": "39MiB",
        "memory_vms": "54MiB",
        "threads": 0.9473684210526315
    }
}