Metric,Value
design__lint_error__count,0
design__lint_timing_construct__count,0
design__lint_warning__count,0
design__inferred_latch__count,0
design__instance__count,342
design__instance__area,2602.5
design__instance_unmapped__count,0
synthesis__check_error__count,0
design__max_slew_violation__count__corner:nom_tt_025C_1v80,0
design__max_fanout_violation__count__corner:nom_tt_025C_1v80,0
design__max_cap_violation__count__corner:nom_tt_025C_1v80,0
power__internal__total,0.0011888773879036307
power__switching__total,0.0004908049595542252
power__leakage__total,3.1216891294150173E-9
power__total,0.0016796855488792062
clock__skew__worst_hold__corner:nom_tt_025C_1v80,-0.004715700186040077
clock__skew__worst_setup__corner:nom_tt_025C_1v80,-0.004715700186040077
timing__hold__ws__corner:nom_tt_025C_1v80,0.36247569860508244
timing__setup__ws__corner:nom_tt_025C_1v80,2.0450282046616266
timing__hold__tns__corner:nom_tt_025C_1v80,0.0
timing__setup__tns__corner:nom_tt_025C_1v80,0.0
timing__hold__wns__corner:nom_tt_025C_1v80,0
timing__setup__wns__corner:nom_tt_025C_1v80,0.0
timing__hold_vio__count__corner:nom_tt_025C_1v80,0
timing__hold_r2r__ws__corner:nom_tt_025C_1v80,0.362476
timing__hold_r2r_vio__count__corner:nom_tt_025C_1v80,0
timing__setup_vio__count__corner:nom_tt_025C_1v80,0
timing__setup_r2r__ws__corner:nom_tt_025C_1v80,2.045028
timing__setup_r2r_vio__count__corner:nom_tt_025C_1v80,0
design__max_slew_violation__count__corner:nom_ss_100C_1v60,0
design__max_fanout_violation__count__corner:nom_ss_100C_1v60,0
design__max_cap_violation__count__corner:nom_ss_100C_1v60,0
clock__skew__worst_hold__corner:nom_ss_100C_1v60,-0.008701095645827299
clock__skew__worst_setup__corner:nom_ss_100C_1v60,-0.008701095645827299
timing__hold__ws__corner:nom_ss_100C_1v60,0.7210495737909199
timing__setup__ws__corner:nom_ss_100C_1v60,0.5047777894104483
timing__hold__tns__corner:nom_ss_100C_1v60,0.0
timing__setup__tns__corner:nom_ss_100C_1v60,0.0
timing__hold__wns__corner:nom_ss_100C_1v60,0
timing__setup__wns__corner:nom_ss_100C_1v60,0.0
timing__hold_vio__count__corner:nom_ss_100C_1v60,0
timing__hold_r2r__ws__corner:nom_ss_100C_1v60,0.721050
timing__hold_r2r_vio__count__corner:nom_ss_100C_1v60,0
timing__setup_vio__count__corner:nom_ss_100C_1v60,0
timing__setup_r2r__ws__corner:nom_ss_100C_1v60,0.504778
timing__setup_r2r_vio__count__corner:nom_ss_100C_1v60,0
design__max_slew_violation__count__corner:nom_ff_n40C_1v95,0
design__max_fanout_violation__count__corner:nom_ff_n40C_1v95,0
design__max_cap_violation__count__corner:nom_ff_n40C_1v95,0
clock__skew__worst_hold__corner:nom_ff_n40C_1v95,-0.0037855553097028275
clock__skew__worst_setup__corner:nom_ff_n40C_1v95,-0.0037855553097028275
timing__hold__ws__corner:nom_ff_n40C_1v95,0.23596397725863502
timing__setup__ws__corner:nom_ff_n40C_1v95,2.5851037597814814
timing__hold__tns__corner:nom_ff_n40C_1v95,0.0
timing__setup__tns__corner:nom_ff_n40C_1v95,0.0
timing__hold__wns__corner:nom_ff_n40C_1v95,0
timing__setup__wns__corner:nom_ff_n40C_1v95,0.0
timing__hold_vio__count__corner:nom_ff_n40C_1v95,0
timing__hold_r2r__ws__corner:nom_ff_n40C_1v95,0.235964
timing__hold_r2r_vio__count__corner:nom_ff_n40C_1v95,0
timing__setup_vio__count__corner:nom_ff_n40C_1v95,0
timing__setup_r2r__ws__corner:nom_ff_n40C_1v95,2.585104
timing__setup_r2r_vio__count__corner:nom_ff_n40C_1v95,0
design__max_slew_violation__count,0
design__max_fanout_violation__count,0
design__max_cap_violation__count,0
clock__skew__worst_hold,-0.003114911194923083
clock__skew__worst_setup,-0.009767908980361154
timing__hold__ws,0.23494495902666301
timing__setup__ws,0.4827161029749648
timing__hold__tns,0.0
timing__setup__tns,0.0
timing__hold__wns,0
timing__setup__wns,0.0
timing__hold_vio__count,0
timing__hold_r2r__ws,0.234945
timing__hold_r2r_vio__count,0
timing__setup_vio__count,0
timing__setup_r2r__ws,0.482716
timing__setup_r2r_vio__count,0
design__die__bbox,0.0 0.0 94.445 105.165
design__core__bbox,5.52 10.88 88.78 92.48
design__io,30
design__die__area,9932.31
design__core__area,6794.02
design__instance__count__stdcell,342
design__instance__area__stdcell,2602.5
design__instance__count__macros,0
design__instance__area__macros,0
design__instance__utilization,0.383057
design__instance__utilization__stdcell,0.383057
design__instance__count__class:inverter,39
design__instance__count__class:sequential_cell,37
design__instance__count__class:multi_input_combinational_cell,135
flow__warnings__count,1
flow__errors__count,0
design__instance__count__class:fill_cell,550
design__instance__count__class:tap_cell,96
design__power_grid_violation__count__net:VGND,0
design__power_grid_violation__count__net:VPWR,0
design__power_grid_violation__count,0
floorplan__design__io,28
design__io__hpwl,1120424
timing__drv__floating__nets,0
timing__drv__floating__pins,0
design__instance__displacement__total,0
design__instance__displacement__mean,0
design__instance__displacement__max,0
route__wirelength__estimated,4568.9
design__violations,0
design__instance__count__class:timing_repair_buffer,27
design__instance__count__class:clock_buffer,7
design__instance__count__class:clock_inverter,1
design__instance__count__setup_buffer,0
design__instance__count__hold_buffer,0
antenna__violating__nets,0
antenna__violating__pins,0
route__antenna_violation__count,0
antenna_diodes_count,0
route__net,260
route__net__special,2
route__drc_errors__iter:1,77
route__wirelength__iter:1,5457
route__drc_errors__iter:2,11
route__wirelength__iter:2,5415
route__drc_errors__iter:3,8
route__wirelength__iter:3,5434
route__drc_errors__iter:4,0
route__wirelength__iter:4,5433
route__drc_errors,0
route__wirelength,5433
route__vias,1658
route__vias__singlecut,1658
route__vias__multicut,0
design__disconnected_pin__count,0
design__critical_disconnected_pin__count,0
route__wirelength__max,385.255
timing__unannotated_net__count__corner:nom_tt_025C_1v80,3
timing__unannotated_net_filtered__count__corner:nom_tt_025C_1v80,0
timing__unannotated_net__count__corner:nom_ss_100C_1v60,3
timing__unannotated_net_filtered__count__corner:nom_ss_100C_1v60,0
timing__unannotated_net__count__corner:nom_ff_n40C_1v95,3
timing__unannotated_net_filtered__count__corner:nom_ff_n40C_1v95,0
design__max_slew_violation__count__corner:min_tt_025C_1v80,0
design__max_fanout_violation__count__corner:min_tt_025C_1v80,0
design__max_cap_violation__count__corner:min_tt_025C_1v80,0
clock__skew__worst_hold__corner:min_tt_025C_1v80,-0.003937461579343367
clock__skew__worst_setup__corner:min_tt_025C_1v80,-0.003937461579343367
timing__hold__ws__corner:min_tt_025C_1v80,0.3611495649202377
timing__setup__ws__corner:min_tt_025C_1v80,2.0573054953043672
timing__hold__tns__corner:min_tt_025C_1v80,0.0
timing__setup__tns__corner:min_tt_025C_1v80,0.0
timing__hold__wns__corner:min_tt_025C_1v80,0
timing__setup__wns__corner:min_tt_025C_1v80,0.0
timing__hold_vio__count__corner:min_tt_025C_1v80,0
timing__hold_r2r__ws__corner:min_tt_025C_1v80,0.361150
timing__hold_r2r_vio__count__corner:min_tt_025C_1v80,0
timing__setup_vio__count__corner:min_tt_025C_1v80,0
timing__setup_r2r__ws__corner:min_tt_025C_1v80,2.057306
timing__setup_r2r_vio__count__corner:min_tt_025C_1v80,0
timing__unannotated_net__count__corner:min_tt_025C_1v80,3
timing__unannotated_net_filtered__count__corner:min_tt_025C_1v80,0
design__max_slew_violation__count__corner:min_ss_100C_1v60,0
design__max_fanout_violation__count__corner:min_ss_100C_1v60,0
design__max_cap_violation__count__corner:min_ss_100C_1v60,0
clock__skew__worst_hold__corner:min_ss_100C_1v60,-0.007587652942940419
clock__skew__worst_setup__corner:min_ss_100C_1v60,-0.007587652942940419
timing__hold__ws__corner:min_ss_100C_1v60,0.7185163223328362
timing__setup__ws__corner:min_ss_100C_1v60,0.5213363222018299
timing__hold__tns__corner:min_ss_100C_1v60,0.0
timing__setup__tns__corner:min_ss_100C_1v60,0.0
timing__hold__wns__corner:min_ss_100C_1v60,0
timing__setup__wns__corner:min_ss_100C_1v60,0.0
timing__hold_vio__count__corner:min_ss_100C_1v60,0
timing__hold_r2r__ws__corner:min_ss_100C_1v60,0.718516
timing__hold_r2r_vio__count__corner:min_ss_100C_1v60,0
timing__setup_vio__count__corner:min_ss_100C_1v60,0
timing__setup_r2r__ws__corner:min_ss_100C_1v60,0.521336
timing__setup_r2r_vio__count__corner:min_ss_100C_1v60,0
timing__unannotated_net__count__corner:min_ss_100C_1v60,3
timing__unannotated_net_filtered__count__corner:min_ss_100C_1v60,0
design__max_slew_violation__count__corner:min_ff_n40C_1v95,0
design__max_fanout_violation__count__corner:min_ff_n40C_1v95,0
design__max_cap_violation__count__corner:min_ff_n40C_1v95,0
clock__skew__worst_hold__corner:min_ff_n40C_1v95,-0.003114911194923083
clock__skew__worst_setup__corner:min_ff_n40C_1v95,-0.003114911194923083
timing__hold__ws__corner:min_ff_n40C_1v95,0.23494495902666301
timing__setup__ws__corner:min_ff_n40C_1v95,2.594191601628875
timing__hold__tns__corner:min_ff_n40C_1v95,0.0
timing__setup__tns__corner:min_ff_n40C_1v95,0.0
timing__hold__wns__corner:min_ff_n40C_1v95,0
timing__setup__wns__corner:min_ff_n40C_1v95,0.0
timing__hold_vio__count__corner:min_ff_n40C_1v95,0
timing__hold_r2r__ws__corner:min_ff_n40C_1v95,0.234945
timing__hold_r2r_vio__count__corner:min_ff_n40C_1v95,0
timing__setup_vio__count__corner:min_ff_n40C_1v95,0
timing__setup_r2r__ws__corner:min_ff_n40C_1v95,2.594192
timing__setup_r2r_vio__count__corner:min_ff_n40C_1v95,0
timing__unannotated_net__count__corner:min_ff_n40C_1v95,3
timing__unannotated_net_filtered__count__corner:min_ff_n40C_1v95,0
design__max_slew_violation__count__corner:max_tt_025C_1v80,0
design__max_fanout_violation__count__corner:max_tt_025C_1v80,0
design__max_cap_violation__count__corner:max_tt_025C_1v80,0
clock__skew__worst_hold__corner:max_tt_025C_1v80,-0.005781597586552712
clock__skew__worst_setup__corner:max_tt_025C_1v80,-0.005781597586552712
timing__hold__ws__corner:max_tt_025C_1v80,0.3633980164088747
timing__setup__ws__corner:max_tt_025C_1v80,2.0310389500664967
timing__hold__tns__corner:max_tt_025C_1v80,0.0
timing__setup__tns__corner:max_tt_025C_1v80,0.0
timing__hold__wns__corner:max_tt_025C_1v80,0
timing__setup__wns__corner:max_tt_025C_1v80,0.0
timing__hold_vio__count__corner:max_tt_025C_1v80,0
timing__hold_r2r__ws__corner:max_tt_025C_1v80,0.363398
timing__hold_r2r_vio__count__corner:max_tt_025C_1v80,0
timing__setup_vio__count__corner:max_tt_025C_1v80,0
timing__setup_r2r__ws__corner:max_tt_025C_1v80,2.031039
timing__setup_r2r_vio__count__corner:max_tt_025C_1v80,0
timing__unannotated_net__count__corner:max_tt_025C_1v80,3
timing__unannotated_net_filtered__count__corner:max_tt_025C_1v80,0
design__max_slew_violation__count__corner:max_ss_100C_1v60,0
design__max_fanout_violation__count__corner:max_ss_100C_1v60,0
design__max_cap_violation__count__corner:max_ss_100C_1v60,0
clock__skew__worst_hold__corner:max_ss_100C_1v60,-0.009767908980361154
clock__skew__worst_setup__corner:max_ss_100C_1v60,-0.009767908980361154
timing__hold__ws__corner:max_ss_100C_1v60,0.7228084446674266
timing__setup__ws__corner:max_ss_100C_1v60,0.4827161029749648
timing__hold__tns__corner:max_ss_100C_1v60,0.0
timing__setup__tns__corner:max_ss_100C_1v60,0.0
timing__hold__wns__corner:max_ss_100C_1v60,0
timing__setup__wns__corner:max_ss_100C_1v60,0.0
timing__hold_vio__count__corner:max_ss_100C_1v60,0
timing__hold_r2r__ws__corner:max_ss_100C_1v60,0.722808
timing__hold_r2r_vio__count__corner:max_ss_100C_1v60,0
timing__setup_vio__count__corner:max_ss_100C_1v60,0
timing__setup_r2r__ws__corner:max_ss_100C_1v60,0.482716
timing__setup_r2r_vio__count__corner:max_ss_100C_1v60,0
timing__unannotated_net__count__corner:max_ss_100C_1v60,3
timing__unannotated_net_filtered__count__corner:max_ss_100C_1v60,0
design__max_slew_violation__count__corner:max_ff_n40C_1v95,0
design__max_fanout_violation__count__corner:max_ff_n40C_1v95,0
design__max_cap_violation__count__corner:max_ff_n40C_1v95,0
clock__skew__worst_hold__corner:max_ff_n40C_1v95,-0.004844749738514714
clock__skew__worst_setup__corner:max_ff_n40C_1v95,-0.004844749738514714
timing__hold__ws__corner:max_ff_n40C_1v95,0.23672178776110087
timing__setup__ws__corner:max_ff_n40C_1v95,2.576032349235317
timing__hold__tns__corner:max_ff_n40C_1v95,0.0
timing__setup__tns__corner:max_ff_n40C_1v95,0.0
timing__hold__wns__corner:max_ff_n40C_1v95,0
timing__setup__wns__corner:max_ff_n40C_1v95,0.0
timing__hold_vio__count__corner:max_ff_n40C_1v95,0
timing__hold_r2r__ws__corner:max_ff_n40C_1v95,0.236722
timing__hold_r2r_vio__count__corner:max_ff_n40C_1v95,0
timing__setup_vio__count__corner:max_ff_n40C_1v95,0
timing__setup_r2r__ws__corner:max_ff_n40C_1v95,2.576032
timing__setup_r2r_vio__count__corner:max_ff_n40C_1v95,0
timing__unannotated_net__count__corner:max_ff_n40C_1v95,3
timing__unannotated_net_filtered__count__corner:max_ff_n40C_1v95,0
timing__unannotated_net__count,3
timing__unannotated_net_filtered__count,0
design_powergrid__voltage__worst__net:VPWR__corner:nom_tt_025C_1v80,1.79779
design_powergrid__drop__average__net:VPWR__corner:nom_tt_025C_1v80,1.7996
design_powergrid__drop__worst__net:VPWR__corner:nom_tt_025C_1v80,0.00221479
design_powergrid__voltage__worst__net:VGND__corner:nom_tt_025C_1v80,0.0019356
design_powergrid__drop__average__net:VGND__corner:nom_tt_025C_1v80,0.000354111
design_powergrid__drop__worst__net:VGND__corner:nom_tt_025C_1v80,0.0019356
design_powergrid__voltage__worst,0.0019356
design_powergrid__voltage__worst__net:VPWR,1.79779
design_powergrid__drop__worst,0.00221479
design_powergrid__drop__worst__net:VPWR,0.00221479
design_powergrid__voltage__worst__net:VGND,0.0019356
design_powergrid__drop__worst__net:VGND,0.0019356
ir__voltage__worst,1.8000000000000000444089209850062616169452667236328125
ir__drop__avg,0.0003989999999999999948617490641566973863518796861171722412109375
ir__drop__worst,0.0022100000000000001587618925213973852805793285369873046875
design__xor_difference__count,0
magic__drc_error__count,0
klayout__drc_error__count,0
magic__illegal_overlap__count,0
design__lvs_device_difference__count,0
design__lvs_net_difference__count,0
design__lvs_property_fail__count,0
design__lvs_error__count,0
design__lvs_unmatched_device__count,0
design__lvs_unmatched_net__count,0
design__lvs_unmatched_pin__count,0
