{
    "time": {
        "cpu_time_user": "00:00:00.840",
        "cpu_time_system": "00:00:00.270",
        "runtime": "00:00:01.354",
        "cpu_time_iowait": "00:00:00.000"
    },
    "peak_resources": {
        "cpu_percent": 106.3,
        "memory_rss": "140MiB",
        "memory_vms": "293MiB",
        "threads": 2
    },
    "avg_resources": {
        "cpu_percent": 70.98666666666666,
        "memory_rss": "100MiB",
        "memory_vms": "239MiB",
        "threads": 1.7333333333333334
    }
}