{
    "nl": "/foss/designs/timer_project/runs/RUN_2025-05-30_08-09-22/51-openroad-fillinsertion/timer_pwm_interface.nl.v",
    "pnl": "/foss/designs/timer_project/runs/RUN_2025-05-30_08-09-22/51-openroad-fillinsertion/timer_pwm_interface.pnl.v",
    "pnl-sdf-friendly": null,
    "pnl-npc": null,
    "def": "/foss/designs/timer_project/runs/RUN_2025-05-30_08-09-22/52-odb-cellfrequencytables/timer_pwm_interface.def",
    "lef": null,
    "openroad-lef": null,
    "odb": "/foss/designs/timer_project/runs/RUN_2025-05-30_08-09-22/52-odb-cellfrequencytables/timer_pwm_interface.odb",
    "sdc": "/foss/designs/timer_project/runs/RUN_2025-05-30_08-09-22/51-openroad-fillinsertion/timer_pwm_interface.sdc",
    "sdf": {
        "nom_tt_025C_1v80": "/foss/designs/timer_project/runs/RUN_2025-05-30_08-09-22/12-openroad-staprepnr/nom_tt_025C_1v80/timer_pwm_interface__nom_tt_025C_1v80.sdf",
        "nom_ss_100C_1v60": "/foss/designs/timer_project/runs/RUN_2025-05-30_08-09-22/12-openroad-staprepnr/nom_ss_100C_1v60/timer_pwm_interface__nom_ss_100C_1v60.sdf",
        "nom_ff_n40C_1v95": "/foss/designs/timer_project/runs/RUN_2025-05-30_08-09-22/12-openroad-staprepnr/nom_ff_n40C_1v95/timer_pwm_interface__nom_ff_n40C_1v95.sdf"
    },
    "spef": {
        "nom_*": "/foss/designs/timer_project/runs/RUN_2025-05-30_08-09-22/53-openroad-rcx/nom/timer_pwm_interface.nom.spef",
        "min_*": "/foss/designs/timer_project/runs/RUN_2025-05-30_08-09-22/53-openroad-rcx/min/timer_pwm_interface.min.spef",
        "max_*": "/foss/designs/timer_project/runs/RUN_2025-05-30_08-09-22/53-openroad-rcx/max/timer_pwm_interface.max.spef"
    },
    "lib": null,
    "spice": null,
    "mag": null,
    "gds": null,
    "mag_gds": null,
    "klayout_gds": null,
    "json_h": "/foss/designs/timer_project/runs/RUN_2025-05-30_08-09-22/05-yosys-jsonheader/timer_pwm_interface.h.json",
    "vh": "/foss/designs/timer_project/runs/RUN_2025-05-30_08-09-22/28-odb-writeverilogheader/timer_pwm_interface.vh",
    "metrics": {
        "design__lint_error__count": 0,
        "design__lint_timing_construct__count": 0,
        "design__lint_warning__count": 0,
        "design__inferred_latch__count": 0,
        "design__instance__count": 342,
        "design__instance__area": 2602.5,
        "design__instance_unmapped__count": 0,
        "synthesis__check_error__count": 0,
        "design__max_slew_violation__count__corner:nom_tt_025C_1v80": 0,
        "design__max_fanout_violation__count__corner:nom_tt_025C_1v80": 0,
        "design__max_cap_violation__count__corner:nom_tt_025C_1v80": 0,
        "power__internal__total": 0.00103846,
        "power__switching__total": 0.000371711,
        "power__leakage__total": 1.31514e-09,
        "power__total": 0.00141018,
        "clock__skew__worst_hold__corner:nom_tt_025C_1v80": -0.00263045,
        "clock__skew__worst_setup__corner:nom_tt_025C_1v80": -0.00263045,
        "timing__hold__ws__corner:nom_tt_025C_1v80": 0.361851,
        "timing__setup__ws__corner:nom_tt_025C_1v80": 2.06537,
        "timing__hold__tns__corner:nom_tt_025C_1v80": 0,
        "timing__setup__tns__corner:nom_tt_025C_1v80": 0,
        "timing__hold__wns__corner:nom_tt_025C_1v80": 0,
        "timing__setup__wns__corner:nom_tt_025C_1v80": 0,
        "timing__hold_vio__count__corner:nom_tt_025C_1v80": 0,
        "timing__hold_r2r__ws__corner:nom_tt_025C_1v80": 0.361851,
        "timing__hold_r2r_vio__count__corner:nom_tt_025C_1v80": 0,
        "timing__setup_vio__count__corner:nom_tt_025C_1v80": 0,
        "timing__setup_r2r__ws__corner:nom_tt_025C_1v80": 2.06537,
        "timing__setup_r2r_vio__count__corner:nom_tt_025C_1v80": 0,
        "design__max_slew_violation__count__corner:nom_ss_100C_1v60": 0,
        "design__max_fanout_violation__count__corner:nom_ss_100C_1v60": 0,
        "design__max_cap_violation__count__corner:nom_ss_100C_1v60": 0,
        "clock__skew__worst_hold__corner:nom_ss_100C_1v60": 0,
        "clock__skew__worst_setup__corner:nom_ss_100C_1v60": 0,
        "timing__hold__ws__corner:nom_ss_100C_1v60": 0.6819742741333904,
        "timing__setup__ws__corner:nom_ss_100C_1v60": 0.38011950218930435,
        "timing__hold__tns__corner:nom_ss_100C_1v60": 0,
        "timing__setup__tns__corner:nom_ss_100C_1v60": 0,
        "timing__hold__wns__corner:nom_ss_100C_1v60": 0,
        "timing__setup__wns__corner:nom_ss_100C_1v60": 0,
        "timing__hold_vio__count__corner:nom_ss_100C_1v60": 0,
        "timing__hold_r2r__ws__corner:nom_ss_100C_1v60": 0.681974,
        "timing__hold_r2r_vio__count__corner:nom_ss_100C_1v60": 0,
        "timing__setup_vio__count__corner:nom_ss_100C_1v60": 0,
        "timing__setup_r2r__ws__corner:nom_ss_100C_1v60": 0.38012,
        "timing__setup_r2r_vio__count__corner:nom_ss_100C_1v60": 0,
        "design__max_slew_violation__count__corner:nom_ff_n40C_1v95": 0,
        "design__max_fanout_violation__count__corner:nom_ff_n40C_1v95": 0,
        "design__max_cap_violation__count__corner:nom_ff_n40C_1v95": 0,
        "clock__skew__worst_hold__corner:nom_ff_n40C_1v95": 0,
        "clock__skew__worst_setup__corner:nom_ff_n40C_1v95": 0,
        "timing__hold__ws__corner:nom_ff_n40C_1v95": 0.21027201408562196,
        "timing__setup__ws__corner:nom_ff_n40C_1v95": 2.5967402296762847,
        "timing__hold__tns__corner:nom_ff_n40C_1v95": 0,
        "timing__setup__tns__corner:nom_ff_n40C_1v95": 0,
        "timing__hold__wns__corner:nom_ff_n40C_1v95": 0,
        "timing__setup__wns__corner:nom_ff_n40C_1v95": 0,
        "timing__hold_vio__count__corner:nom_ff_n40C_1v95": 0,
        "timing__hold_r2r__ws__corner:nom_ff_n40C_1v95": 0.210272,
        "timing__hold_r2r_vio__count__corner:nom_ff_n40C_1v95": 0,
        "timing__setup_vio__count__corner:nom_ff_n40C_1v95": 0,
        "timing__setup_r2r__ws__corner:nom_ff_n40C_1v95": 2.59674,
        "timing__setup_r2r_vio__count__corner:nom_ff_n40C_1v95": 0,
        "design__max_slew_violation__count": 0,
        "design__max_fanout_violation__count": 0,
        "design__max_cap_violation__count": 0,
        "clock__skew__worst_hold": -0.00263045,
        "clock__skew__worst_setup": -0.00263045,
        "timing__hold__ws": 0.361851,
        "timing__setup__ws": 2.06537,
        "timing__hold__tns": 0,
        "timing__setup__tns": 0,
        "timing__hold__wns": 0,
        "timing__setup__wns": 0,
        "timing__hold_vio__count": 0,
        "timing__hold_r2r__ws": 0.361851,
        "timing__hold_r2r_vio__count": 0,
        "timing__setup_vio__count": 0,
        "timing__setup_r2r__ws": 2.06537,
        "timing__setup_r2r_vio__count": 0,
        "design__die__bbox": "0.0 0.0 94.445 105.165",
        "design__core__bbox": "5.52 10.88 88.78 92.48",
        "design__io": 30,
        "design__die__area": 9932.31,
        "design__core__area": 6794.02,
        "design__instance__count__stdcell": 342,
        "design__instance__area__stdcell": 2602.5,
        "design__instance__count__macros": 0,
        "design__instance__area__macros": 0,
        "design__instance__utilization": 0.383057,
        "design__instance__utilization__stdcell": 0.383057,
        "design__instance__count__class:inverter": 39,
        "design__instance__count__class:sequential_cell": 37,
        "design__instance__count__class:multi_input_combinational_cell": 135,
        "flow__warnings__count": 1,
        "flow__errors__count": 0,
        "design__instance__count__class:fill_cell": 550,
        "design__instance__count__class:tap_cell": 96,
        "design__power_grid_violation__count__net:VGND": 0,
        "design__power_grid_violation__count__net:VPWR": 0,
        "design__power_grid_violation__count": 0,
        "floorplan__design__io": 28,
        "design__io__hpwl": 1120424,
        "timing__drv__floating__nets": 0,
        "timing__drv__floating__pins": 0,
        "design__instance__displacement__total": 0,
        "design__instance__displacement__mean": 0,
        "design__instance__displacement__max": 0,
        "route__wirelength__estimated": 4568.9,
        "design__violations": 0,
        "design__instance__count__class:timing_repair_buffer": 27,
        "design__instance__count__class:clock_buffer": 7,
        "design__instance__count__class:clock_inverter": 1,
        "design__instance__count__setup_buffer": 0,
        "design__instance__count__hold_buffer": 0,
        "antenna__violating__nets": 0,
        "antenna__violating__pins": 0,
        "route__antenna_violation__count": 0,
        "antenna_diodes_count": 0,
        "route__net": 260,
        "route__net__special": 2,
        "route__drc_errors__iter:1": 77,
        "route__wirelength__iter:1": 5457,
        "route__drc_errors__iter:2": 11,
        "route__wirelength__iter:2": 5415,
        "route__drc_errors__iter:3": 8,
        "route__wirelength__iter:3": 5434,
        "route__drc_errors__iter:4": 0,
        "route__wirelength__iter:4": 5433,
        "route__drc_errors": 0,
        "route__wirelength": 5433,
        "route__vias": 1658,
        "route__vias__singlecut": 1658,
        "route__vias__multicut": 0,
        "design__disconnected_pin__count": 0,
        "design__critical_disconnected_pin__count": 0,
        "route__wirelength__max": 385.255
    }
}