{
    "time": {
        "cpu_time_user": "00:00:00.940",
        "cpu_time_system": "00:00:00.180",
        "runtime": "00:00:01.331",
        "cpu_time_iowait": "00:00:00.000"
    },
    "peak_resources": {
        "cpu_percent": 117.6,
        "memory_rss": "136MiB",
        "memory_vms": "293MiB",
        "threads": 2
    },
    "avg_resources": {
        "cpu_percent": 72.72666666666667,
        "memory_rss": "99MiB",
        "memory_vms": "239MiB",
        "threads": 1.7333333333333334
    }
}