{
    "time": {
        "cpu_time_user": "00:00:01.129",
        "cpu_time_system": "00:00:00.160",
        "runtime": "00:00:01.792",
        "cpu_time_iowait": "00:00:00.000"
    },
    "peak_resources": {
        "cpu_percent": 108.6,
        "memory_rss": "51MiB",
        "memory_vms": "69MiB",
        "threads": 1
    },
    "avg_resources": {
        "cpu_percent": 64.04210526315791,
        "memory_rss": "37MiB",
        "memory_vms": "52MiB",
        "threads": 0.9473684210526315
    }
}