{
    "time": {
        "cpu_time_user": "00:00:01.090",
        "cpu_time_system": "00:00:00.120",
        "runtime": "00:00:01.605",
        "cpu_time_iowait": "00:00:00.000"
    },
    "peak_resources": {
        "cpu_percent": 102.6,
        "memory_rss": "52MiB",
        "memory_vms": "69MiB",
        "threads": 1
    },
    "avg_resources": {
        "cpu_percent": 66.28235294117646,
        "memory_rss": "39MiB",
        "memory_vms": "55MiB",
        "threads": 0.9411764705882353
    }
}