{
    "time": {
        "cpu_time_user": "00:00:00.950",
        "cpu_time_system": "00:00:00.170",
        "runtime": "00:00:01.317",
        "cpu_time_iowait": "00:00:00.000"
    },
    "peak_resources": {
        "cpu_percent": 109.0,
        "memory_rss": "135MiB",
        "memory_vms": "293MiB",
        "threads": 2
    },
    "avg_resources": {
        "cpu_percent": 73.74666666666666,
        "memory_rss": "97MiB",
        "memory_vms": "238MiB",
        "threads": 1.7333333333333334
    }
}