{
    "time": {
        "cpu_time_user": "00:00:01.139",
        "cpu_time_system": "00:00:00.180",
        "runtime": "00:00:01.759",
        "cpu_time_iowait": "00:00:00.000"
    },
    "peak_resources": {
        "cpu_percent": 114.3,
        "memory_rss": "52MiB",
        "memory_vms": "69MiB",
        "threads": 1
    },
    "avg_resources": {
        "cpu_percent": 66.95263157894739,
        "memory_rss": "40MiB",
        "memory_vms": "56MiB",
        "threads": 0.9473684210526315
    }
}