{
  "creator": "Yosys 0.48 (git sha1 aaa534749, g++ 13.3.0-6ubuntu2~24.04 -fPIC -O3)",
  "modules": {
    "$paramod\\counter\\WIDTH=s32'00000000000000000000000000001000": {
      "attributes": {
        "dynports": "00000000000000000000000000000001",
        "hdlname": "counter",
        "src": "counter.v:1.1-42.10"
      },
      "parameter_default_values": {
        "WIDTH": "00000000000000000000000000001000"
      },
      "ports": {
        "clk": {
          "direction": "input",
          "bits": [ 2 ]
        },
        "rst": {
          "direction": "input",
          "bits": [ 3 ]
        },
        "enable": {
          "direction": "input",
          "bits": [ 4 ]
        },
        "dir": {
          "direction": "input",
          "bits": [ 5 ]
        },
        "top": {
          "direction": "input",
          "bits": [ 6, 7, 8, 9, 10, 11, 12, 13 ]
        },
        "cnt": {
          "direction": "output",
          "bits": [ 14, 15, 16, 17, 18, 19, 20, 21 ]
        },
        "top_reached": {
          "direction": "output",
          "bits": [ 22 ]
        }
      },
      "cells": {
        "$add$counter.v:24$16": {
          "hide_name": 1,
          "type": "$add",
          "parameters": {
            "A_SIGNED": "00000000000000000000000000000000",
            "A_WIDTH": "00000000000000000000000000001000",
            "B_SIGNED": "00000000000000000000000000000000",
            "B_WIDTH": "00000000000000000000000000000001",
            "Y_WIDTH": "00000000000000000000000000001000"
          },
          "attributes": {
            "src": "counter.v:24.24-24.31"
          },
          "port_directions": {
            "A": "input",
            "B": "input",
            "Y": "output"
          },
          "connections": {
            "A": [ 14, 15, 16, 17, 18, 19, 20, 21 ],
            "B": [ "1" ],
            "Y": [ 23, 24, 25, 26, 27, 28, 29, 30 ]
          }
        },
        "$eq$counter.v:20$15": {
          "hide_name": 1,
          "type": "$eq",
          "parameters": {
            "A_SIGNED": "00000000000000000000000000000000",
            "A_WIDTH": "00000000000000000000000000001000",
            "B_SIGNED": "00000000000000000000000000000000",
            "B_WIDTH": "00000000000000000000000000001000",
            "Y_WIDTH": "00000000000000000000000000000001"
          },
          "attributes": {
            "src": "counter.v:20.17-20.27"
          },
          "port_directions": {
            "A": "input",
            "B": "input",
            "Y": "output"
          },
          "connections": {
            "A": [ 14, 15, 16, 17, 18, 19, 20, 21 ],
            "B": [ 6, 7, 8, 9, 10, 11, 12, 13 ],
            "Y": [ 31 ]
          }
        },
        "$eq$counter.v:29$17": {
          "hide_name": 1,
          "type": "$logic_not",
          "parameters": {
            "A_SIGNED": "00000000000000000000000000000000",
            "A_WIDTH": "00000000000000000000000000001000",
            "Y_WIDTH": "00000000000000000000000000000001"
          },
          "attributes": {
            "src": "counter.v:29.17-29.25"
          },
          "port_directions": {
            "A": "input",
            "Y": "output"
          },
          "connections": {
            "A": [ 14, 15, 16, 17, 18, 19, 20, 21 ],
            "Y": [ 32 ]
          }
        },
        "$procdff$97": {
          "hide_name": 1,
          "type": "$dff",
          "parameters": {
            "CLK_POLARITY": "1",
            "WIDTH": "00000000000000000000000000001000"
          },
          "attributes": {
            "src": "counter.v:13.1-40.4"
          },
          "port_directions": {
            "CLK": "input",
            "D": "input",
            "Q": "output"
          },
          "connections": {
            "CLK": [ 2 ],
            "D": [ 33, 34, 35, 36, 37, 38, 39, 40 ],
            "Q": [ 14, 15, 16, 17, 18, 19, 20, 21 ]
          }
        },
        "$procdff$98": {
          "hide_name": 1,
          "type": "$dff",
          "parameters": {
            "CLK_POLARITY": "1",
            "WIDTH": "00000000000000000000000000000001"
          },
          "attributes": {
            "src": "counter.v:13.1-40.4"
          },
          "port_directions": {
            "CLK": "input",
            "D": "input",
            "Q": "output"
          },
          "connections": {
            "CLK": [ 2 ],
            "D": [ 41 ],
            "Q": [ 22 ]
          }
        },
        "$procmux$52": {
          "hide_name": 1,
          "type": "$mux",
          "parameters": {
            "WIDTH": "00000000000000000000000000000001"
          },
          "attributes": {
            "full_case": "00000000000000000000000000000001",
            "src": "counter.v:29.17-29.25|counter.v:29.13-35.16"
          },
          "port_directions": {
            "A": "input",
            "B": "input",
            "S": "input",
            "Y": "output"
          },
          "connections": {
            "A": [ "0" ],
            "B": [ "1" ],
            "S": [ 32 ],
            "Y": [ 42 ]
          }
        },
        "$procmux$56": {
          "hide_name": 1,
          "type": "$mux",
          "parameters": {
            "WIDTH": "00000000000000000000000000000001"
          },
          "attributes": {
            "full_case": "00000000000000000000000000000001",
            "src": "counter.v:20.17-20.27|counter.v:20.13-26.16"
          },
          "port_directions": {
            "A": "input",
            "B": "input",
            "S": "input",
            "Y": "output"
          },
          "connections": {
            "A": [ "0" ],
            "B": [ "1" ],
            "S": [ 31 ],
            "Y": [ 43 ]
          }
        },
        "$procmux$58": {
          "hide_name": 1,
          "type": "$mux",
          "parameters": {
            "WIDTH": "00000000000000000000000000000001"
          },
          "attributes": {
            "full_case": "00000000000000000000000000000001",
            "src": "counter.v:18.13-18.16|counter.v:18.9-36.12"
          },
          "port_directions": {
            "A": "input",
            "B": "input",
            "S": "input",
            "Y": "output"
          },
          "connections": {
            "A": [ 42 ],
            "B": [ 43 ],
            "S": [ 5 ],
            "Y": [ 44 ]
          }
        },
        "$procmux$60": {
          "hide_name": 1,
          "type": "$mux",
          "parameters": {
            "WIDTH": "00000000000000000000000000000001"
          },
          "attributes": {
            "full_case": "00000000000000000000000000000001",
            "src": "counter.v:17.18-17.24|counter.v:17.14-39.8"
          },
          "port_directions": {
            "A": "input",
            "B": "input",
            "S": "input",
            "Y": "output"
          },
          "connections": {
            "A": [ "0" ],
            "B": [ 44 ],
            "S": [ 4 ],
            "Y": [ 45 ]
          }
        },
        "$procmux$63": {
          "hide_name": 1,
          "type": "$mux",
          "parameters": {
            "WIDTH": "00000000000000000000000000000001"
          },
          "attributes": {
            "full_case": "00000000000000000000000000000001",
            "src": "counter.v:14.9-14.12|counter.v:14.5-39.8"
          },
          "port_directions": {
            "A": "input",
            "B": "input",
            "S": "input",
            "Y": "output"
          },
          "connections": {
            "A": [ 45 ],
            "B": [ "0" ],
            "S": [ 3 ],
            "Y": [ 41 ]
          }
        },
        "$procmux$67": {
          "hide_name": 1,
          "type": "$mux",
          "parameters": {
            "WIDTH": "00000000000000000000000000001000"
          },
          "attributes": {
            "full_case": "00000000000000000000000000000001",
            "src": "counter.v:29.17-29.25|counter.v:29.13-35.16"
          },
          "port_directions": {
            "A": "input",
            "B": "input",
            "S": "input",
            "Y": "output"
          },
          "connections": {
            "A": [ 46, 47, 48, 49, 50, 51, 52, 53 ],
            "B": [ 6, 7, 8, 9, 10, 11, 12, 13 ],
            "S": [ 32 ],
            "Y": [ 54, 55, 56, 57, 58, 59, 60, 61 ]
          }
        },
        "$procmux$71": {
          "hide_name": 1,
          "type": "$mux",
          "parameters": {
            "WIDTH": "00000000000000000000000000001000"
          },
          "attributes": {
            "full_case": "00000000000000000000000000000001",
            "src": "counter.v:20.17-20.27|counter.v:20.13-26.16"
          },
          "port_directions": {
            "A": "input",
            "B": "input",
            "S": "input",
            "Y": "output"
          },
          "connections": {
            "A": [ 23, 24, 25, 26, 27, 28, 29, 30 ],
            "B": [ "0", "0", "0", "0", "0", "0", "0", "0" ],
            "S": [ 31 ],
            "Y": [ 62, 63, 64, 65, 66, 67, 68, 69 ]
          }
        },
        "$procmux$73": {
          "hide_name": 1,
          "type": "$mux",
          "parameters": {
            "WIDTH": "00000000000000000000000000001000"
          },
          "attributes": {
            "full_case": "00000000000000000000000000000001",
            "src": "counter.v:18.13-18.16|counter.v:18.9-36.12"
          },
          "port_directions": {
            "A": "input",
            "B": "input",
            "S": "input",
            "Y": "output"
          },
          "connections": {
            "A": [ 54, 55, 56, 57, 58, 59, 60, 61 ],
            "B": [ 62, 63, 64, 65, 66, 67, 68, 69 ],
            "S": [ 5 ],
            "Y": [ 70, 71, 72, 73, 74, 75, 76, 77 ]
          }
        },
        "$procmux$75": {
          "hide_name": 1,
          "type": "$mux",
          "parameters": {
            "WIDTH": "00000000000000000000000000001000"
          },
          "attributes": {
            "full_case": "00000000000000000000000000000001",
            "src": "counter.v:17.18-17.24|counter.v:17.14-39.8"
          },
          "port_directions": {
            "A": "input",
            "B": "input",
            "S": "input",
            "Y": "output"
          },
          "connections": {
            "A": [ 14, 15, 16, 17, 18, 19, 20, 21 ],
            "B": [ 70, 71, 72, 73, 74, 75, 76, 77 ],
            "S": [ 4 ],
            "Y": [ 78, 79, 80, 81, 82, 83, 84, 85 ]
          }
        },
        "$procmux$78": {
          "hide_name": 1,
          "type": "$mux",
          "parameters": {
            "WIDTH": "00000000000000000000000000001000"
          },
          "attributes": {
            "full_case": "00000000000000000000000000000001",
            "src": "counter.v:14.9-14.12|counter.v:14.5-39.8"
          },
          "port_directions": {
            "A": "input",
            "B": "input",
            "S": "input",
            "Y": "output"
          },
          "connections": {
            "A": [ 78, 79, 80, 81, 82, 83, 84, 85 ],
            "B": [ "0", "0", "0", "0", "0", "0", "0", "0" ],
            "S": [ 3 ],
            "Y": [ 33, 34, 35, 36, 37, 38, 39, 40 ]
          }
        },
        "$sub$counter.v:33$18": {
          "hide_name": 1,
          "type": "$sub",
          "parameters": {
            "A_SIGNED": "00000000000000000000000000000000",
            "A_WIDTH": "00000000000000000000000000001000",
            "B_SIGNED": "00000000000000000000000000000000",
            "B_WIDTH": "00000000000000000000000000000001",
            "Y_WIDTH": "00000000000000000000000000001000"
          },
          "attributes": {
            "src": "counter.v:33.24-33.31"
          },
          "port_directions": {
            "A": "input",
            "B": "input",
            "Y": "output"
          },
          "connections": {
            "A": [ 14, 15, 16, 17, 18, 19, 20, 21 ],
            "B": [ "1" ],
            "Y": [ 46, 47, 48, 49, 50, 51, 52, 53 ]
          }
        }
      },
      "netnames": {
        "$0\\cnt[7:0]": {
          "hide_name": 1,
          "bits": [ 33, 34, 35, 36, 37, 38, 39, 40 ],
          "attributes": {
            "src": "counter.v:13.1-40.4"
          }
        },
        "$0\\top_reached[0:0]": {
          "hide_name": 1,
          "bits": [ 41 ],
          "attributes": {
            "src": "counter.v:13.1-40.4"
          }
        },
        "$add$counter.v:24$16_Y": {
          "hide_name": 1,
          "bits": [ 23, 24, 25, 26, 27, 28, 29, 30 ],
          "attributes": {
          }
        },
        "$auto$wreduce.cc:461:run$108": {
          "hide_name": 1,
          "bits": [ 46, 47, 48, 49, 50, 51, 52, 53, 86, 87, 88, 89, 90, 91, 92, 93, 94, 95, 96, 97, 98, 99, 100, 101, 102, 103, 104, 105, 106, 107, 108, 109 ],
          "attributes": {
            "src": "counter.v:33.24-33.31",
            "unused_bits": "8 9 10 11 12 13 14 15 16 17 18 19 20 21 22 23 24 25 26 27 28 29 30 31"
          }
        },
        "$eq$counter.v:20$15_Y": {
          "hide_name": 1,
          "bits": [ 31 ],
          "attributes": {
            "src": "counter.v:20.17-20.27"
          }
        },
        "$eq$counter.v:29$17_Y": {
          "hide_name": 1,
          "bits": [ 32 ],
          "attributes": {
            "src": "counter.v:29.17-29.25"
          }
        },
        "$procmux$52_Y": {
          "hide_name": 1,
          "bits": [ 42 ],
          "attributes": {
          }
        },
        "$procmux$56_Y": {
          "hide_name": 1,
          "bits": [ 43 ],
          "attributes": {
          }
        },
        "$procmux$58_Y": {
          "hide_name": 1,
          "bits": [ 44 ],
          "attributes": {
          }
        },
        "$procmux$60_Y": {
          "hide_name": 1,
          "bits": [ 45 ],
          "attributes": {
          }
        },
        "$procmux$67_Y": {
          "hide_name": 1,
          "bits": [ 54, 55, 56, 57, 58, 59, 60, 61 ],
          "attributes": {
          }
        },
        "$procmux$71_Y": {
          "hide_name": 1,
          "bits": [ 62, 63, 64, 65, 66, 67, 68, 69 ],
          "attributes": {
          }
        },
        "$procmux$73_Y": {
          "hide_name": 1,
          "bits": [ 70, 71, 72, 73, 74, 75, 76, 77 ],
          "attributes": {
          }
        },
        "$procmux$75_Y": {
          "hide_name": 1,
          "bits": [ 78, 79, 80, 81, 82, 83, 84, 85 ],
          "attributes": {
          }
        },
        "clk": {
          "hide_name": 0,
          "bits": [ 2 ],
          "attributes": {
            "src": "counter.v:4.16-4.19"
          }
        },
        "cnt": {
          "hide_name": 0,
          "bits": [ 14, 15, 16, 17, 18, 19, 20, 21 ],
          "attributes": {
            "init": "00000000",
            "src": "counter.v:9.28-9.31"
          }
        },
        "dir": {
          "hide_name": 0,
          "bits": [ 5 ],
          "attributes": {
            "src": "counter.v:7.16-7.19"
          }
        },
        "enable": {
          "hide_name": 0,
          "bits": [ 4 ],
          "attributes": {
            "src": "counter.v:6.16-6.22"
          }
        },
        "rst": {
          "hide_name": 0,
          "bits": [ 3 ],
          "attributes": {
            "src": "counter.v:5.16-5.19"
          }
        },
        "top": {
          "hide_name": 0,
          "bits": [ 6, 7, 8, 9, 10, 11, 12, 13 ],
          "attributes": {
            "src": "counter.v:8.28-8.31"
          }
        },
        "top_reached": {
          "hide_name": 0,
          "bits": [ 22 ],
          "attributes": {
            "init": "0",
            "src": "counter.v:10.16-10.27"
          }
        }
      }
    },
    "$paramod\\pwm_logic\\WIDTH=s32'00000000000000000000000000001000": {
      "attributes": {
        "dynports": "00000000000000000000000000000001",
        "hdlname": "pwm_logic",
        "src": "pwm_logic.v:1.1-46.10"
      },
      "parameter_default_values": {
        "WIDTH": "00000000000000000000000000001000"
      },
      "ports": {
        "clk": {
          "direction": "input",
          "bits": [ 2 ]
        },
        "rst": {
          "direction": "input",
          "bits": [ 3 ]
        },
        "cnt": {
          "direction": "input",
          "bits": [ 4, 5, 6, 7, 8, 9, 10, 11 ]
        },
        "ocra": {
          "direction": "input",
          "bits": [ 12, 13, 14, 15, 16, 17, 18, 19 ]
        },
        "ocrb": {
          "direction": "input",
          "bits": [ 20, 21, 22, 23, 24, 25, 26, 27 ]
        },
        "mode": {
          "direction": "input",
          "bits": [ 28, 29 ]
        },
        "outa": {
          "direction": "output",
          "bits": [ 30 ]
        },
        "outb": {
          "direction": "output",
          "bits": [ 31 ]
        }
      },
      "cells": {
        "$auto$opt_reduce.cc:131:opt_pmux$103": {
          "hide_name": 1,
          "type": "$reduce_or",
          "parameters": {
            "A_SIGNED": "00000000000000000000000000000000",
            "A_WIDTH": "00000000000000000000000000000010",
            "Y_WIDTH": "00000000000000000000000000000001"
          },
          "attributes": {
          },
          "port_directions": {
            "A": "input",
            "Y": "output"
          },
          "connections": {
            "A": [ 32, 33 ],
            "Y": [ 34 ]
          }
        },
        "$lt$pwm_logic.v:28$4": {
          "hide_name": 1,
          "type": "$lt",
          "parameters": {
            "A_SIGNED": "00000000000000000000000000000000",
            "A_WIDTH": "00000000000000000000000000001000",
            "B_SIGNED": "00000000000000000000000000000000",
            "B_WIDTH": "00000000000000000000000000001000",
            "Y_WIDTH": "00000000000000000000000000000001"
          },
          "attributes": {
            "src": "pwm_logic.v:28.26-28.36"
          },
          "port_directions": {
            "A": "input",
            "B": "input",
            "Y": "output"
          },
          "connections": {
            "A": [ 4, 5, 6, 7, 8, 9, 10, 11 ],
            "B": [ 12, 13, 14, 15, 16, 17, 18, 19 ],
            "Y": [ 35 ]
          }
        },
        "$lt$pwm_logic.v:29$6": {
          "hide_name": 1,
          "type": "$lt",
          "parameters": {
            "A_SIGNED": "00000000000000000000000000000000",
            "A_WIDTH": "00000000000000000000000000001000",
            "B_SIGNED": "00000000000000000000000000000000",
            "B_WIDTH": "00000000000000000000000000001000",
            "Y_WIDTH": "00000000000000000000000000000001"
          },
          "attributes": {
            "src": "pwm_logic.v:29.26-29.36"
          },
          "port_directions": {
            "A": "input",
            "B": "input",
            "Y": "output"
          },
          "connections": {
            "A": [ 4, 5, 6, 7, 8, 9, 10, 11 ],
            "B": [ 20, 21, 22, 23, 24, 25, 26, 27 ],
            "Y": [ 36 ]
          }
        },
        "$procdff$100": {
          "hide_name": 1,
          "type": "$dff",
          "parameters": {
            "CLK_POLARITY": "1",
            "WIDTH": "00000000000000000000000000000001"
          },
          "attributes": {
            "src": "pwm_logic.v:14.1-44.4"
          },
          "port_directions": {
            "CLK": "input",
            "D": "input",
            "Q": "output"
          },
          "connections": {
            "CLK": [ 2 ],
            "D": [ 37 ],
            "Q": [ 31 ]
          }
        },
        "$procdff$99": {
          "hide_name": 1,
          "type": "$dff",
          "parameters": {
            "CLK_POLARITY": "1",
            "WIDTH": "00000000000000000000000000000001"
          },
          "attributes": {
            "src": "pwm_logic.v:14.1-44.4"
          },
          "port_directions": {
            "CLK": "input",
            "D": "input",
            "Q": "output"
          },
          "connections": {
            "CLK": [ 2 ],
            "D": [ 38 ],
            "Q": [ 30 ]
          }
        },
        "$procmux$81": {
          "hide_name": 1,
          "type": "$mux",
          "parameters": {
            "WIDTH": "00000000000000000000000000000001"
          },
          "attributes": {
            "full_case": "00000000000000000000000000000001",
            "src": "pwm_logic.v:0.0-0.0|pwm_logic.v:19.9-42.16"
          },
          "port_directions": {
            "A": "input",
            "B": "input",
            "S": "input",
            "Y": "output"
          },
          "connections": {
            "A": [ "0" ],
            "B": [ 39 ],
            "S": [ 34 ],
            "Y": [ 40 ]
          }
        },
        "$procmux$82_CMP0": {
          "hide_name": 1,
          "type": "$eq",
          "parameters": {
            "A_SIGNED": "00000000000000000000000000000000",
            "A_WIDTH": "00000000000000000000000000000010",
            "B_SIGNED": "00000000000000000000000000000000",
            "B_WIDTH": "00000000000000000000000000000010",
            "Y_WIDTH": "00000000000000000000000000000001"
          },
          "attributes": {
            "full_case": "00000000000000000000000000000001",
            "src": "pwm_logic.v:0.0-0.0|pwm_logic.v:19.9-42.16"
          },
          "port_directions": {
            "A": "input",
            "B": "input",
            "Y": "output"
          },
          "connections": {
            "A": [ 28, 29 ],
            "B": [ "0", "1" ],
            "Y": [ 32 ]
          }
        },
        "$procmux$83_CMP0": {
          "hide_name": 1,
          "type": "$eq",
          "parameters": {
            "A_SIGNED": "00000000000000000000000000000000",
            "A_WIDTH": "00000000000000000000000000000010",
            "B_SIGNED": "00000000000000000000000000000000",
            "B_WIDTH": "00000000000000000000000000000001",
            "Y_WIDTH": "00000000000000000000000000000001"
          },
          "attributes": {
            "full_case": "00000000000000000000000000000001",
            "src": "pwm_logic.v:0.0-0.0|pwm_logic.v:19.9-42.16"
          },
          "port_directions": {
            "A": "input",
            "B": "input",
            "Y": "output"
          },
          "connections": {
            "A": [ 28, 29 ],
            "B": [ "1" ],
            "Y": [ 33 ]
          }
        },
        "$procmux$85": {
          "hide_name": 1,
          "type": "$mux",
          "parameters": {
            "WIDTH": "00000000000000000000000000000001"
          },
          "attributes": {
            "full_case": "00000000000000000000000000000001",
            "src": "pwm_logic.v:15.9-15.12|pwm_logic.v:15.5-43.8"
          },
          "port_directions": {
            "A": "input",
            "B": "input",
            "S": "input",
            "Y": "output"
          },
          "connections": {
            "A": [ 40 ],
            "B": [ "0" ],
            "S": [ 3 ],
            "Y": [ 37 ]
          }
        },
        "$procmux$88": {
          "hide_name": 1,
          "type": "$mux",
          "parameters": {
            "WIDTH": "00000000000000000000000000000001"
          },
          "attributes": {
            "full_case": "00000000000000000000000000000001",
            "src": "pwm_logic.v:0.0-0.0|pwm_logic.v:19.9-42.16"
          },
          "port_directions": {
            "A": "input",
            "B": "input",
            "S": "input",
            "Y": "output"
          },
          "connections": {
            "A": [ "0" ],
            "B": [ 41 ],
            "S": [ 34 ],
            "Y": [ 42 ]
          }
        },
        "$procmux$92": {
          "hide_name": 1,
          "type": "$mux",
          "parameters": {
            "WIDTH": "00000000000000000000000000000001"
          },
          "attributes": {
            "full_case": "00000000000000000000000000000001",
            "src": "pwm_logic.v:15.9-15.12|pwm_logic.v:15.5-43.8"
          },
          "port_directions": {
            "A": "input",
            "B": "input",
            "S": "input",
            "Y": "output"
          },
          "connections": {
            "A": [ 42 ],
            "B": [ "0" ],
            "S": [ 3 ],
            "Y": [ 38 ]
          }
        },
        "$ternary$pwm_logic.v:28$5": {
          "hide_name": 1,
          "type": "$mux",
          "parameters": {
            "WIDTH": "00000000000000000000000000000001"
          },
          "attributes": {
            "src": "pwm_logic.v:28.25-28.51"
          },
          "port_directions": {
            "A": "input",
            "B": "input",
            "S": "input",
            "Y": "output"
          },
          "connections": {
            "A": [ "0" ],
            "B": [ "1" ],
            "S": [ 35 ],
            "Y": [ 41 ]
          }
        },
        "$ternary$pwm_logic.v:29$7": {
          "hide_name": 1,
          "type": "$mux",
          "parameters": {
            "WIDTH": "00000000000000000000000000000001"
          },
          "attributes": {
            "src": "pwm_logic.v:29.25-29.51"
          },
          "port_directions": {
            "A": "input",
            "B": "input",
            "S": "input",
            "Y": "output"
          },
          "connections": {
            "A": [ "0" ],
            "B": [ "1" ],
            "S": [ 36 ],
            "Y": [ 39 ]
          }
        }
      },
      "netnames": {
        "$0\\outa[0:0]": {
          "hide_name": 1,
          "bits": [ 38 ],
          "attributes": {
            "src": "pwm_logic.v:14.1-44.4"
          }
        },
        "$0\\outb[0:0]": {
          "hide_name": 1,
          "bits": [ 37 ],
          "attributes": {
            "src": "pwm_logic.v:14.1-44.4"
          }
        },
        "$auto$opt_reduce.cc:137:opt_pmux$102": {
          "hide_name": 1,
          "bits": [ 34 ],
          "attributes": {
          }
        },
        "$lt$pwm_logic.v:28$4_Y": {
          "hide_name": 1,
          "bits": [ 35 ],
          "attributes": {
            "src": "pwm_logic.v:28.26-28.36"
          }
        },
        "$lt$pwm_logic.v:29$6_Y": {
          "hide_name": 1,
          "bits": [ 36 ],
          "attributes": {
            "src": "pwm_logic.v:29.26-29.36"
          }
        },
        "$procmux$81_Y": {
          "hide_name": 1,
          "bits": [ 40 ],
          "attributes": {
          }
        },
        "$procmux$82_CMP": {
          "hide_name": 1,
          "bits": [ 32 ],
          "attributes": {
          }
        },
        "$procmux$83_CMP": {
          "hide_name": 1,
          "bits": [ 33 ],
          "attributes": {
          }
        },
        "$procmux$88_Y": {
          "hide_name": 1,
          "bits": [ 42 ],
          "attributes": {
          }
        },
        "$ternary$pwm_logic.v:28$5_Y": {
          "hide_name": 1,
          "bits": [ 41 ],
          "attributes": {
            "src": "pwm_logic.v:28.25-28.51"
          }
        },
        "$ternary$pwm_logic.v:29$7_Y": {
          "hide_name": 1,
          "bits": [ 39 ],
          "attributes": {
            "src": "pwm_logic.v:29.25-29.51"
          }
        },
        "clk": {
          "hide_name": 0,
          "bits": [ 2 ],
          "attributes": {
            "src": "pwm_logic.v:4.16-4.19"
          }
        },
        "cnt": {
          "hide_name": 0,
          "bits": [ 4, 5, 6, 7, 8, 9, 10, 11 ],
          "attributes": {
            "src": "pwm_logic.v:6.28-6.31"
          }
        },
        "mode": {
          "hide_name": 0,
          "bits": [ 28, 29 ],
          "attributes": {
            "src": "pwm_logic.v:9.22-9.26"
          }
        },
        "ocra": {
          "hide_name": 0,
          "bits": [ 12, 13, 14, 15, 16, 17, 18, 19 ],
          "attributes": {
            "src": "pwm_logic.v:7.28-7.32"
          }
        },
        "ocrb": {
          "hide_name": 0,
          "bits": [ 20, 21, 22, 23, 24, 25, 26, 27 ],
          "attributes": {
            "src": "pwm_logic.v:8.28-8.32"
          }
        },
        "outa": {
          "hide_name": 0,
          "bits": [ 30 ],
          "attributes": {
            "init": "0",
            "src": "pwm_logic.v:10.16-10.20"
          }
        },
        "outb": {
          "hide_name": 0,
          "bits": [ 31 ],
          "attributes": {
            "init": "0",
            "src": "pwm_logic.v:11.16-11.20"
          }
        },
        "rst": {
          "hide_name": 0,
          "bits": [ 3 ],
          "attributes": {
            "src": "pwm_logic.v:5.16-5.19"
          }
        }
      }
    },
    "fsm_pwm": {
      "attributes": {
        "hdlname": "fsm_pwm",
        "src": "fsm_pwm.v:1.1-51.10"
      },
      "ports": {
        "clk": {
          "direction": "input",
          "bits": [ 2 ]
        },
        "rst": {
          "direction": "input",
          "bits": [ 3 ]
        },
        "top_reached": {
          "direction": "input",
          "bits": [ 4 ]
        },
        "mode": {
          "direction": "input",
          "bits": [ 5, 6 ]
        },
        "rst_cnt": {
          "direction": "output",
          "bits": [ 7 ]
        },
        "dir": {
          "direction": "output",
          "bits": [ 8 ]
        }
      },
      "cells": {
        "$auto$opt_reduce.cc:131:opt_pmux$105": {
          "hide_name": 1,
          "type": "$reduce_or",
          "parameters": {
            "A_SIGNED": "00000000000000000000000000000000",
            "A_WIDTH": "00000000000000000000000000000010",
            "Y_WIDTH": "00000000000000000000000000000001"
          },
          "attributes": {
          },
          "port_directions": {
            "A": "input",
            "Y": "output"
          },
          "connections": {
            "A": [ 9, 10 ],
            "Y": [ 11 ]
          }
        },
        "$not$fsm_pwm.v:39$24": {
          "hide_name": 1,
          "type": "$not",
          "parameters": {
            "A_SIGNED": "00000000000000000000000000000000",
            "A_WIDTH": "00000000000000000000000000000001",
            "Y_WIDTH": "00000000000000000000000000000001"
          },
          "attributes": {
            "src": "fsm_pwm.v:39.40-39.56"
          },
          "port_directions": {
            "A": "input",
            "Y": "output"
          },
          "connections": {
            "A": [ 12 ],
            "Y": [ 13 ]
          }
        },
        "$procdff$94": {
          "hide_name": 1,
          "type": "$dff",
          "parameters": {
            "CLK_POLARITY": "1",
            "WIDTH": "00000000000000000000000000000001"
          },
          "attributes": {
            "src": "fsm_pwm.v:16.1-49.4"
          },
          "port_directions": {
            "CLK": "input",
            "D": "input",
            "Q": "output"
          },
          "connections": {
            "CLK": [ 2 ],
            "D": [ 14 ],
            "Q": [ 7 ]
          }
        },
        "$procdff$95": {
          "hide_name": 1,
          "type": "$dff",
          "parameters": {
            "CLK_POLARITY": "1",
            "WIDTH": "00000000000000000000000000000001"
          },
          "attributes": {
            "src": "fsm_pwm.v:16.1-49.4"
          },
          "port_directions": {
            "CLK": "input",
            "D": "input",
            "Q": "output"
          },
          "connections": {
            "CLK": [ 2 ],
            "D": [ 15 ],
            "Q": [ 8 ]
          }
        },
        "$procdff$96": {
          "hide_name": 1,
          "type": "$dff",
          "parameters": {
            "CLK_POLARITY": "1",
            "WIDTH": "00000000000000000000000000000001"
          },
          "attributes": {
            "src": "fsm_pwm.v:16.1-49.4"
          },
          "port_directions": {
            "CLK": "input",
            "D": "input",
            "Q": "output"
          },
          "connections": {
            "CLK": [ 2 ],
            "D": [ 16 ],
            "Q": [ 12 ]
          }
        },
        "$procmux$29": {
          "hide_name": 1,
          "type": "$mux",
          "parameters": {
            "WIDTH": "00000000000000000000000000000001"
          },
          "attributes": {
            "full_case": "00000000000000000000000000000001",
            "src": "fsm_pwm.v:0.0-0.0|fsm_pwm.v:22.9-47.16"
          },
          "port_directions": {
            "A": "input",
            "B": "input",
            "S": "input",
            "Y": "output"
          },
          "connections": {
            "A": [ "1" ],
            "B": [ 12 ],
            "S": [ 17 ],
            "Y": [ 18 ]
          }
        },
        "$procmux$30_CMP0": {
          "hide_name": 1,
          "type": "$eq",
          "parameters": {
            "A_SIGNED": "00000000000000000000000000000000",
            "A_WIDTH": "00000000000000000000000000000010",
            "B_SIGNED": "00000000000000000000000000000000",
            "B_WIDTH": "00000000000000000000000000000010",
            "Y_WIDTH": "00000000000000000000000000000001"
          },
          "attributes": {
            "full_case": "00000000000000000000000000000001",
            "src": "fsm_pwm.v:0.0-0.0|fsm_pwm.v:22.9-47.16"
          },
          "port_directions": {
            "A": "input",
            "B": "input",
            "Y": "output"
          },
          "connections": {
            "A": [ 5, 6 ],
            "B": [ "0", "1" ],
            "Y": [ 17 ]
          }
        },
        "$procmux$32": {
          "hide_name": 1,
          "type": "$mux",
          "parameters": {
            "WIDTH": "00000000000000000000000000000001"
          },
          "attributes": {
            "full_case": "00000000000000000000000000000001",
            "src": "fsm_pwm.v:17.9-17.12|fsm_pwm.v:17.5-48.8"
          },
          "port_directions": {
            "A": "input",
            "B": "input",
            "S": "input",
            "Y": "output"
          },
          "connections": {
            "A": [ 18 ],
            "B": [ "1" ],
            "S": [ 3 ],
            "Y": [ 15 ]
          }
        },
        "$procmux$36": {
          "hide_name": 1,
          "type": "$mux",
          "parameters": {
            "WIDTH": "00000000000000000000000000000001"
          },
          "attributes": {
            "full_case": "00000000000000000000000000000001",
            "src": "fsm_pwm.v:0.0-0.0|fsm_pwm.v:22.9-47.16"
          },
          "port_directions": {
            "A": "input",
            "B": "input",
            "S": "input",
            "Y": "output"
          },
          "connections": {
            "A": [ "0" ],
            "B": [ 19 ],
            "S": [ 11 ],
            "Y": [ 20 ]
          }
        },
        "$procmux$37_CMP0": {
          "hide_name": 1,
          "type": "$eq",
          "parameters": {
            "A_SIGNED": "00000000000000000000000000000000",
            "A_WIDTH": "00000000000000000000000000000010",
            "B_SIGNED": "00000000000000000000000000000000",
            "B_WIDTH": "00000000000000000000000000000001",
            "Y_WIDTH": "00000000000000000000000000000001"
          },
          "attributes": {
            "full_case": "00000000000000000000000000000001",
            "src": "fsm_pwm.v:0.0-0.0|fsm_pwm.v:22.9-47.16"
          },
          "port_directions": {
            "A": "input",
            "B": "input",
            "Y": "output"
          },
          "connections": {
            "A": [ 5, 6 ],
            "B": [ "1" ],
            "Y": [ 9 ]
          }
        },
        "$procmux$38_CMP0": {
          "hide_name": 1,
          "type": "$logic_not",
          "parameters": {
            "A_SIGNED": "00000000000000000000000000000000",
            "A_WIDTH": "00000000000000000000000000000010",
            "Y_WIDTH": "00000000000000000000000000000001"
          },
          "attributes": {
            "full_case": "00000000000000000000000000000001",
            "src": "fsm_pwm.v:0.0-0.0|fsm_pwm.v:22.9-47.16"
          },
          "port_directions": {
            "A": "input",
            "Y": "output"
          },
          "connections": {
            "A": [ 5, 6 ],
            "Y": [ 10 ]
          }
        },
        "$procmux$40": {
          "hide_name": 1,
          "type": "$mux",
          "parameters": {
            "WIDTH": "00000000000000000000000000000001"
          },
          "attributes": {
            "full_case": "00000000000000000000000000000001",
            "src": "fsm_pwm.v:17.9-17.12|fsm_pwm.v:17.5-48.8"
          },
          "port_directions": {
            "A": "input",
            "B": "input",
            "S": "input",
            "Y": "output"
          },
          "connections": {
            "A": [ 20 ],
            "B": [ "1" ],
            "S": [ 3 ],
            "Y": [ 14 ]
          }
        },
        "$procmux$43": {
          "hide_name": 1,
          "type": "$mux",
          "parameters": {
            "WIDTH": "00000000000000000000000000000001"
          },
          "attributes": {
            "src": "fsm_pwm.v:38.21-38.32|fsm_pwm.v:38.17-39.57"
          },
          "port_directions": {
            "A": "input",
            "B": "input",
            "S": "input",
            "Y": "output"
          },
          "connections": {
            "A": [ 12 ],
            "B": [ 13 ],
            "S": [ 4 ],
            "Y": [ 21 ]
          }
        },
        "$procmux$45": {
          "hide_name": 1,
          "type": "$mux",
          "parameters": {
            "WIDTH": "00000000000000000000000000000001"
          },
          "attributes": {
            "full_case": "00000000000000000000000000000001",
            "src": "fsm_pwm.v:0.0-0.0|fsm_pwm.v:22.9-47.16"
          },
          "port_directions": {
            "A": "input",
            "B": "input",
            "S": "input",
            "Y": "output"
          },
          "connections": {
            "A": [ 12 ],
            "B": [ 21 ],
            "S": [ 17 ],
            "Y": [ 22 ]
          }
        },
        "$procmux$48": {
          "hide_name": 1,
          "type": "$mux",
          "parameters": {
            "WIDTH": "00000000000000000000000000000001"
          },
          "attributes": {
            "full_case": "00000000000000000000000000000001",
            "src": "fsm_pwm.v:17.9-17.12|fsm_pwm.v:17.5-48.8"
          },
          "port_directions": {
            "A": "input",
            "B": "input",
            "S": "input",
            "Y": "output"
          },
          "connections": {
            "A": [ 22 ],
            "B": [ "1" ],
            "S": [ 3 ],
            "Y": [ 16 ]
          }
        },
        "$ternary$fsm_pwm.v:25$22": {
          "hide_name": 1,
          "type": "$mux",
          "parameters": {
            "WIDTH": "00000000000000000000000000000001"
          },
          "attributes": {
            "src": "fsm_pwm.v:25.28-25.47"
          },
          "port_directions": {
            "A": "input",
            "B": "input",
            "S": "input",
            "Y": "output"
          },
          "connections": {
            "A": [ "0" ],
            "B": [ "1" ],
            "S": [ 4 ],
            "Y": [ 19 ]
          }
        }
      },
      "netnames": {
        "$0\\dir[0:0]": {
          "hide_name": 1,
          "bits": [ 15 ],
          "attributes": {
            "src": "fsm_pwm.v:16.1-49.4"
          }
        },
        "$0\\direction_phase[0:0]": {
          "hide_name": 1,
          "bits": [ 16 ],
          "attributes": {
            "src": "fsm_pwm.v:16.1-49.4"
          }
        },
        "$0\\rst_cnt[0:0]": {
          "hide_name": 1,
          "bits": [ 14 ],
          "attributes": {
            "src": "fsm_pwm.v:16.1-49.4"
          }
        },
        "$auto$opt_reduce.cc:137:opt_pmux$106": {
          "hide_name": 1,
          "bits": [ 11 ],
          "attributes": {
          }
        },
        "$auto$wreduce.cc:461:run$109": {
          "hide_name": 1,
          "bits": [ 19, "x", "x", "x", "x", "x", "x", "x", "x", "x", "x", "x", "x", "x", "x", "x", "x", "x", "x", "x", "x", "x", "x", "x", "x", "x", "x", "x", "x", "x", "x", "x" ],
          "signed": 1,
          "attributes": {
            "src": "fsm_pwm.v:25.28-25.47"
          }
        },
        "$not$fsm_pwm.v:39$24_Y": {
          "hide_name": 1,
          "bits": [ 13 ],
          "attributes": {
            "src": "fsm_pwm.v:39.40-39.56"
          }
        },
        "$procmux$29_Y": {
          "hide_name": 1,
          "bits": [ 18 ],
          "attributes": {
          }
        },
        "$procmux$30_CMP": {
          "hide_name": 1,
          "bits": [ 17 ],
          "attributes": {
          }
        },
        "$procmux$36_Y": {
          "hide_name": 1,
          "bits": [ 20 ],
          "attributes": {
          }
        },
        "$procmux$37_CMP": {
          "hide_name": 1,
          "bits": [ 9 ],
          "attributes": {
          }
        },
        "$procmux$38_CMP": {
          "hide_name": 1,
          "bits": [ 10 ],
          "attributes": {
          }
        },
        "$procmux$43_Y": {
          "hide_name": 1,
          "bits": [ 21 ],
          "attributes": {
          }
        },
        "$procmux$45_Y": {
          "hide_name": 1,
          "bits": [ 22 ],
          "attributes": {
          }
        },
        "clk": {
          "hide_name": 0,
          "bits": [ 2 ],
          "attributes": {
            "src": "fsm_pwm.v:2.16-2.19"
          }
        },
        "dir": {
          "hide_name": 0,
          "bits": [ 8 ],
          "attributes": {
            "init": "1",
            "src": "fsm_pwm.v:7.16-7.19"
          }
        },
        "direction_phase": {
          "hide_name": 0,
          "bits": [ 12 ],
          "attributes": {
            "init": "1",
            "src": "fsm_pwm.v:14.5-14.20"
          }
        },
        "mode": {
          "hide_name": 0,
          "bits": [ 5, 6 ],
          "attributes": {
            "src": "fsm_pwm.v:5.22-5.26"
          }
        },
        "rst": {
          "hide_name": 0,
          "bits": [ 3 ],
          "attributes": {
            "src": "fsm_pwm.v:3.16-3.19"
          }
        },
        "rst_cnt": {
          "hide_name": 0,
          "bits": [ 7 ],
          "attributes": {
            "init": "1",
            "src": "fsm_pwm.v:6.16-6.23"
          }
        },
        "top_reached": {
          "hide_name": 0,
          "bits": [ 4 ],
          "attributes": {
            "src": "fsm_pwm.v:4.16-4.27"
          }
        }
      }
    },
    "pwm_timer": {
      "attributes": {
        "hdlname": "pwm_timer",
        "dynports": "00000000000000000000000000000001",
        "top": "00000000000000000000000000000001",
        "src": "pwm_timer.v:1.1-57.10"
      },
      "parameter_default_values": {
        "WIDTH": "00000000000000000000000000001000"
      },
      "ports": {
        "clk": {
          "direction": "input",
          "bits": [ 2 ]
        },
        "rst": {
          "direction": "input",
          "bits": [ 3 ]
        },
        "enable": {
          "direction": "input",
          "bits": [ 4 ]
        },
        "mode": {
          "direction": "input",
          "bits": [ 5, 6 ]
        },
        "top": {
          "direction": "input",
          "bits": [ 7, 8, 9, 10, 11, 12, 13, 14 ]
        },
        "ocra": {
          "direction": "input",
          "bits": [ 15, 16, 17, 18, 19, 20, 21, 22 ]
        },
        "ocrb": {
          "direction": "input",
          "bits": [ 23, 24, 25, 26, 27, 28, 29, 30 ]
        },
        "cnt": {
          "direction": "output",
          "bits": [ 31, 32, 33, 34, 35, 36, 37, 38 ]
        },
        "outa": {
          "direction": "output",
          "bits": [ 39 ]
        },
        "outb": {
          "direction": "output",
          "bits": [ 40 ]
        },
        "irq": {
          "direction": "output",
          "bits": [ 41 ]
        }
      },
      "cells": {
        "$eq$pwm_timer.v:55$1": {
          "hide_name": 1,
          "type": "$eq",
          "parameters": {
            "A_SIGNED": "00000000000000000000000000000000",
            "A_WIDTH": "00000000000000000000000000001000",
            "B_SIGNED": "00000000000000000000000000000000",
            "B_WIDTH": "00000000000000000000000000001000",
            "Y_WIDTH": "00000000000000000000000000000001"
          },
          "attributes": {
            "src": "pwm_timer.v:55.19-55.29"
          },
          "port_directions": {
            "A": "input",
            "B": "input",
            "Y": "output"
          },
          "connections": {
            "A": [ 31, 32, 33, 34, 35, 36, 37, 38 ],
            "B": [ 7, 8, 9, 10, 11, 12, 13, 14 ],
            "Y": [ 41 ]
          }
        },
        "counter_inst": {
          "hide_name": 0,
          "type": "$paramod\\counter\\WIDTH=s32'00000000000000000000000000001000",
          "parameters": {
          },
          "attributes": {
            "module_not_derived": "00000000000000000000000000000001",
            "src": "pwm_timer.v:33.30-41.6"
          },
          "port_directions": {
            "clk": "input",
            "cnt": "output",
            "dir": "input",
            "enable": "input",
            "rst": "input",
            "top": "input",
            "top_reached": "output"
          },
          "connections": {
            "clk": [ 2 ],
            "cnt": [ 31, 32, 33, 34, 35, 36, 37, 38 ],
            "dir": [ 42 ],
            "enable": [ 4 ],
            "rst": [ 43 ],
            "top": [ 7, 8, 9, 10, 11, 12, 13, 14 ],
            "top_reached": [ 44 ]
          }
        },
        "fsm_inst": {
          "hide_name": 0,
          "type": "fsm_pwm",
          "parameters": {
          },
          "attributes": {
            "module_not_derived": "00000000000000000000000000000001",
            "src": "pwm_timer.v:23.13-30.6"
          },
          "port_directions": {
            "clk": "input",
            "dir": "output",
            "mode": "input",
            "rst": "input",
            "rst_cnt": "output",
            "top_reached": "input"
          },
          "connections": {
            "clk": [ 2 ],
            "dir": [ 42 ],
            "mode": [ 5, 6 ],
            "rst": [ 3 ],
            "rst_cnt": [ 43 ],
            "top_reached": [ 44 ]
          }
        },
        "pwm_logic_inst": {
          "hide_name": 0,
          "type": "$paramod\\pwm_logic\\WIDTH=s32'00000000000000000000000000001000",
          "parameters": {
          },
          "attributes": {
            "module_not_derived": "00000000000000000000000000000001",
            "src": "pwm_timer.v:44.32-53.6"
          },
          "port_directions": {
            "clk": "input",
            "cnt": "input",
            "mode": "input",
            "ocra": "input",
            "ocrb": "input",
            "outa": "output",
            "outb": "output",
            "rst": "input"
          },
          "connections": {
            "clk": [ 2 ],
            "cnt": [ 31, 32, 33, 34, 35, 36, 37, 38 ],
            "mode": [ 5, 6 ],
            "ocra": [ 15, 16, 17, 18, 19, 20, 21, 22 ],
            "ocrb": [ 23, 24, 25, 26, 27, 28, 29, 30 ],
            "outa": [ 39 ],
            "outb": [ 40 ],
            "rst": [ 3 ]
          }
        }
      },
      "netnames": {
        "clk": {
          "hide_name": 0,
          "bits": [ 2 ],
          "attributes": {
            "src": "pwm_timer.v:4.16-4.19"
          }
        },
        "cnt": {
          "hide_name": 0,
          "bits": [ 31, 32, 33, 34, 35, 36, 37, 38 ],
          "attributes": {
            "src": "pwm_timer.v:11.29-11.32"
          }
        },
        "dir": {
          "hide_name": 0,
          "bits": [ 42 ],
          "attributes": {
            "src": "pwm_timer.v:18.10-18.13"
          }
        },
        "enable": {
          "hide_name": 0,
          "bits": [ 4 ],
          "attributes": {
            "src": "pwm_timer.v:6.16-6.22"
          }
        },
        "irq": {
          "hide_name": 0,
          "bits": [ 41 ],
          "attributes": {
            "src": "pwm_timer.v:14.17-14.20"
          }
        },
        "irq_timer": {
          "hide_name": 0,
          "bits": [ "0" ],
          "attributes": {
            "src": "pwm_timer.v:20.9-20.18"
          }
        },
        "mode": {
          "hide_name": 0,
          "bits": [ 5, 6 ],
          "attributes": {
            "src": "pwm_timer.v:7.22-7.26"
          }
        },
        "ocra": {
          "hide_name": 0,
          "bits": [ 15, 16, 17, 18, 19, 20, 21, 22 ],
          "attributes": {
            "src": "pwm_timer.v:9.28-9.32"
          }
        },
        "ocrb": {
          "hide_name": 0,
          "bits": [ 23, 24, 25, 26, 27, 28, 29, 30 ],
          "attributes": {
            "src": "pwm_timer.v:10.28-10.32"
          }
        },
        "outa": {
          "hide_name": 0,
          "bits": [ 39 ],
          "attributes": {
            "src": "pwm_timer.v:12.17-12.21"
          }
        },
        "outb": {
          "hide_name": 0,
          "bits": [ 40 ],
          "attributes": {
            "src": "pwm_timer.v:13.17-13.21"
          }
        },
        "rst": {
          "hide_name": 0,
          "bits": [ 3 ],
          "attributes": {
            "src": "pwm_timer.v:5.16-5.19"
          }
        },
        "rst_cnt": {
          "hide_name": 0,
          "bits": [ 43 ],
          "attributes": {
            "src": "pwm_timer.v:17.10-17.17"
          }
        },
        "top": {
          "hide_name": 0,
          "bits": [ 7, 8, 9, 10, 11, 12, 13, 14 ],
          "attributes": {
            "src": "pwm_timer.v:8.28-8.31"
          }
        },
        "top_reached": {
          "hide_name": 0,
          "bits": [ 44 ],
          "attributes": {
            "src": "pwm_timer.v:19.10-19.21"
          }
        }
      }
    }
  }
}
