{
    "time": {
        "cpu_time_user": "00:00:00.920",
        "cpu_time_system": "00:00:00.210",
        "runtime": "00:00:01.347",
        "cpu_time_iowait": "00:00:00.000"
    },
    "peak_resources": {
        "cpu_percent": 108.0,
        "memory_rss": "135MiB",
        "memory_vms": "293MiB",
        "threads": 2
    },
    "avg_resources": {
        "cpu_percent": 72.85333333333331,
        "memory_rss": "98MiB",
        "memory_vms": "236MiB",
        "threads": 1.7333333333333334
    }
}