{
    "time": {
        "cpu_time_user": "00:00:01.030",
        "cpu_time_system": "00:00:00.290",
        "runtime": "00:00:01.760",
        "cpu_time_iowait": "00:00:00.000"
    },
    "peak_resources": {
        "cpu_percent": 109.4,
        "memory_rss": "52MiB",
        "memory_vms": "69MiB",
        "threads": 1
    },
    "avg_resources": {
        "cpu_percent": 67.36842105263158,
        "memory_rss": "40MiB",
        "memory_vms": "56MiB",
        "threads": 0.9473684210526315
    }
}