{
    "time": {
        "cpu_time_user": "00:00:00.900",
        "cpu_time_system": "00:00:00.220",
        "runtime": "00:00:01.336",
        "cpu_time_iowait": "00:00:00.000"
    },
    "peak_resources": {
        "cpu_percent": 108.0,
        "memory_rss": "135MiB",
        "memory_vms": "293MiB",
        "threads": 2
    },
    "avg_resources": {
        "cpu_percent": 72.75333333333332,
        "memory_rss": "98MiB",
        "memory_vms": "239MiB",
        "threads": 1.7333333333333334
    }
}