{
  "creator": "Yosys 0.48 (git sha1 aaa534749, g++ 13.3.0-6ubuntu2~24.04 -fPIC -O3)",
  "modules": {
    "timer_pwm_interface": {
      "attributes": {
        "hdlname": "timer_pwm_interface",
        "dynports": "00000000000000000000000000000001",
        "top": "00000000000000000000000000000001",
        "src": "/foss/designs/timer_project/src/timer_pwm_interface.v:1.1-89.10"
      },
      "parameter_default_values": {
        "WIDTH": "00000000000000000000000000001000"
      },
      "ports": {
        "clk": {
          "direction": "input",
          "bits": [ 2 ]
        },
        "rst": {
          "direction": "input",
          "bits": [ 3 ]
        },
        "addr": {
          "direction": "input",
          "bits": [ 4, 5, 6, 7, 8 ]
        },
        "wdata": {
          "direction": "input",
          "bits": [ 9, 10, 11, 12, 13, 14, 15, 16 ]
        },
        "write_en": {
          "direction": "input",
          "bits": [ 17 ]
        },
        "read_en": {
          "direction": "input",
          "bits": [ 18 ]
        },
        "rdata": {
          "direction": "output",
          "bits": [ 19, 20, 21, 22, 23, 24, 25, 26 ]
        },
        "outa": {
          "direction": "output",
          "bits": [ 27 ]
        },
        "outb": {
          "direction": "output",
          "bits": [ 28 ]
        },
        "irq_timer": {
          "direction": "output",
          "bits": [ 29 ]
        }
      },
      "cells": {
        "$add$/foss/designs/timer_project/src/timer_pwm_interface.v:52$3": {
          "hide_name": 1,
          "type": "$add",
          "parameters": {
            "A_SIGNED": "00000000000000000000000000000000",
            "A_WIDTH": "00000000000000000000000000001000",
            "B_SIGNED": "00000000000000000000000000000000",
            "B_WIDTH": "00000000000000000000000000100000",
            "Y_WIDTH": "00000000000000000000000000100000"
          },
          "attributes": {
            "src": "/foss/designs/timer_project/src/timer_pwm_interface.v:52.28-52.35"
          },
          "port_directions": {
            "A": "input",
            "B": "input",
            "Y": "output"
          },
          "connections": {
            "A": [ 30, 31, 32, 33, 34, 35, 36, 37 ],
            "B": [ "1", "0", "0", "0", "0", "0", "0", "0", "0", "0", "0", "0", "0", "0", "0", "0", "0", "0", "0", "0", "0", "0", "0", "0", "0", "0", "0", "0", "0", "0", "0", "0" ],
            "Y": [ 38, 39, 40, 41, 42, 43, 44, 45, 46, 47, 48, 49, 50, 51, 52, 53, 54, 55, 56, 57, 58, 59, 60, 61, 62, 63, 64, 65, 66, 67, 68, 69 ]
          }
        },
        "$auto$proc_dff.cc:242:proc_dff$52": {
          "hide_name": 1,
          "type": "$mux",
          "parameters": {
            "WIDTH": "00000000000000000000000000001000"
          },
          "attributes": {
          },
          "port_directions": {
            "A": "input",
            "B": "input",
            "S": "input",
            "Y": "output"
          },
          "connections": {
            "A": [ 70, 71, 72, 73, 74, 75, 76, 77 ],
            "B": [ 19, 20, 21, 22, 23, 24, 25, 26 ],
            "S": [ 3 ],
            "Y": [ 78, 79, 80, 81, 82, 83, 84, 85 ]
          }
        },
        "$auto$proc_dff.cc:242:proc_dff$78": {
          "hide_name": 1,
          "type": "$mux",
          "parameters": {
            "WIDTH": "00000000000000000000000000000001"
          },
          "attributes": {
          },
          "port_directions": {
            "A": "input",
            "B": "input",
            "S": "input",
            "Y": "output"
          },
          "connections": {
            "A": [ 86 ],
            "B": [ 87 ],
            "S": [ 3 ],
            "Y": [ 88 ]
          }
        },
        "$ge$/foss/designs/timer_project/src/timer_pwm_interface.v:48$2": {
          "hide_name": 1,
          "type": "$ge",
          "parameters": {
            "A_SIGNED": "00000000000000000000000000000000",
            "A_WIDTH": "00000000000000000000000000001000",
            "B_SIGNED": "00000000000000000000000000000000",
            "B_WIDTH": "00000000000000000000000000001000",
            "Y_WIDTH": "00000000000000000000000000000001"
          },
          "attributes": {
            "src": "/foss/designs/timer_project/src/timer_pwm_interface.v:48.21-48.34"
          },
          "port_directions": {
            "A": "input",
            "B": "input",
            "Y": "output"
          },
          "connections": {
            "A": [ 30, 31, 32, 33, 34, 35, 36, 37 ],
            "B": [ 89, 90, 91, 92, 93, 94, 95, 96 ],
            "Y": [ 97 ]
          }
        },
        "$lt$/foss/designs/timer_project/src/timer_pwm_interface.v:56$4": {
          "hide_name": 1,
          "type": "$lt",
          "parameters": {
            "A_SIGNED": "00000000000000000000000000000000",
            "A_WIDTH": "00000000000000000000000000001000",
            "B_SIGNED": "00000000000000000000000000000000",
            "B_WIDTH": "00000000000000000000000000001000",
            "Y_WIDTH": "00000000000000000000000000000001"
          },
          "attributes": {
            "src": "/foss/designs/timer_project/src/timer_pwm_interface.v:56.26-56.36"
          },
          "port_directions": {
            "A": "input",
            "B": "input",
            "Y": "output"
          },
          "connections": {
            "A": [ 30, 31, 32, 33, 34, 35, 36, 37 ],
            "B": [ 98, 99, 100, 101, 102, 103, 104, 105 ],
            "Y": [ 106 ]
          }
        },
        "$lt$/foss/designs/timer_project/src/timer_pwm_interface.v:57$5": {
          "hide_name": 1,
          "type": "$lt",
          "parameters": {
            "A_SIGNED": "00000000000000000000000000000000",
            "A_WIDTH": "00000000000000000000000000001000",
            "B_SIGNED": "00000000000000000000000000000000",
            "B_WIDTH": "00000000000000000000000000001000",
            "Y_WIDTH": "00000000000000000000000000000001"
          },
          "attributes": {
            "src": "/foss/designs/timer_project/src/timer_pwm_interface.v:57.27-57.37"
          },
          "port_directions": {
            "A": "input",
            "B": "input",
            "Y": "output"
          },
          "connections": {
            "A": [ 30, 31, 32, 33, 34, 35, 36, 37 ],
            "B": [ 98, 99, 100, 101, 102, 103, 104, 105 ],
            "Y": [ 107 ]
          }
        },
        "$not$/foss/designs/timer_project/src/timer_pwm_interface.v:57$6": {
          "hide_name": 1,
          "type": "$not",
          "parameters": {
            "A_SIGNED": "00000000000000000000000000000000",
            "A_WIDTH": "00000000000000000000000000000001",
            "Y_WIDTH": "00000000000000000000000000000001"
          },
          "attributes": {
            "src": "/foss/designs/timer_project/src/timer_pwm_interface.v:57.25-57.38"
          },
          "port_directions": {
            "A": "input",
            "Y": "output"
          },
          "connections": {
            "A": [ 107 ],
            "Y": [ 108 ]
          }
        },
        "$procdff$54": {
          "hide_name": 1,
          "type": "$dff",
          "parameters": {
            "CLK_POLARITY": "1",
            "WIDTH": "00000000000000000000000000001000"
          },
          "attributes": {
            "src": "/foss/designs/timer_project/src/timer_pwm_interface.v:35.5-87.8"
          },
          "port_directions": {
            "CLK": "input",
            "D": "input",
            "Q": "output"
          },
          "connections": {
            "CLK": [ 2 ],
            "D": [ 78, 79, 80, 81, 82, 83, 84, 85 ],
            "Q": [ 19, 20, 21, 22, 23, 24, 25, 26 ]
          }
        },
        "$procdff$57": {
          "hide_name": 1,
          "type": "$adff",
          "parameters": {
            "ARST_POLARITY": "1",
            "ARST_VALUE": "0",
            "CLK_POLARITY": "1",
            "WIDTH": "00000000000000000000000000000001"
          },
          "attributes": {
            "src": "/foss/designs/timer_project/src/timer_pwm_interface.v:35.5-87.8"
          },
          "port_directions": {
            "ARST": "input",
            "CLK": "input",
            "D": "input",
            "Q": "output"
          },
          "connections": {
            "ARST": [ 3 ],
            "CLK": [ 2 ],
            "D": [ 109 ],
            "Q": [ 27 ]
          }
        },
        "$procdff$60": {
          "hide_name": 1,
          "type": "$adff",
          "parameters": {
            "ARST_POLARITY": "1",
            "ARST_VALUE": "0",
            "CLK_POLARITY": "1",
            "WIDTH": "00000000000000000000000000000001"
          },
          "attributes": {
            "src": "/foss/designs/timer_project/src/timer_pwm_interface.v:35.5-87.8"
          },
          "port_directions": {
            "ARST": "input",
            "CLK": "input",
            "D": "input",
            "Q": "output"
          },
          "connections": {
            "ARST": [ 3 ],
            "CLK": [ 2 ],
            "D": [ 110 ],
            "Q": [ 28 ]
          }
        },
        "$procdff$63": {
          "hide_name": 1,
          "type": "$adff",
          "parameters": {
            "ARST_POLARITY": "1",
            "ARST_VALUE": "0",
            "CLK_POLARITY": "1",
            "WIDTH": "00000000000000000000000000000001"
          },
          "attributes": {
            "src": "/foss/designs/timer_project/src/timer_pwm_interface.v:35.5-87.8"
          },
          "port_directions": {
            "ARST": "input",
            "CLK": "input",
            "D": "input",
            "Q": "output"
          },
          "connections": {
            "ARST": [ 3 ],
            "CLK": [ 2 ],
            "D": [ 87 ],
            "Q": [ 29 ]
          }
        },
        "$procdff$66": {
          "hide_name": 1,
          "type": "$adff",
          "parameters": {
            "ARST_POLARITY": "1",
            "ARST_VALUE": "00000000",
            "CLK_POLARITY": "1",
            "WIDTH": "00000000000000000000000000001000"
          },
          "attributes": {
            "src": "/foss/designs/timer_project/src/timer_pwm_interface.v:35.5-87.8"
          },
          "port_directions": {
            "ARST": "input",
            "CLK": "input",
            "D": "input",
            "Q": "output"
          },
          "connections": {
            "ARST": [ 3 ],
            "CLK": [ 2 ],
            "D": [ 111, 112, 113, 114, 115, 116, 117, 118 ],
            "Q": [ 30, 31, 32, 33, 34, 35, 36, 37 ]
          }
        },
        "$procdff$69": {
          "hide_name": 1,
          "type": "$adff",
          "parameters": {
            "ARST_POLARITY": "1",
            "ARST_VALUE": "01100100",
            "CLK_POLARITY": "1",
            "WIDTH": "00000000000000000000000000001000"
          },
          "attributes": {
            "src": "/foss/designs/timer_project/src/timer_pwm_interface.v:35.5-87.8"
          },
          "port_directions": {
            "ARST": "input",
            "CLK": "input",
            "D": "input",
            "Q": "output"
          },
          "connections": {
            "ARST": [ 3 ],
            "CLK": [ 2 ],
            "D": [ 119, 120, 121, 122, 123, 124, 125, 126 ],
            "Q": [ 89, 90, 91, 92, 93, 94, 95, 96 ]
          }
        },
        "$procdff$72": {
          "hide_name": 1,
          "type": "$adff",
          "parameters": {
            "ARST_POLARITY": "1",
            "ARST_VALUE": "00110010",
            "CLK_POLARITY": "1",
            "WIDTH": "00000000000000000000000000001000"
          },
          "attributes": {
            "src": "/foss/designs/timer_project/src/timer_pwm_interface.v:35.5-87.8"
          },
          "port_directions": {
            "ARST": "input",
            "CLK": "input",
            "D": "input",
            "Q": "output"
          },
          "connections": {
            "ARST": [ 3 ],
            "CLK": [ 2 ],
            "D": [ 127, 128, 129, 130, 131, 132, 133, 134 ],
            "Q": [ 98, 99, 100, 101, 102, 103, 104, 105 ]
          }
        },
        "$procdff$75": {
          "hide_name": 1,
          "type": "$adff",
          "parameters": {
            "ARST_POLARITY": "1",
            "ARST_VALUE": "0",
            "CLK_POLARITY": "1",
            "WIDTH": "00000000000000000000000000000001"
          },
          "attributes": {
            "src": "/foss/designs/timer_project/src/timer_pwm_interface.v:35.5-87.8"
          },
          "port_directions": {
            "ARST": "input",
            "CLK": "input",
            "D": "input",
            "Q": "output"
          },
          "connections": {
            "ARST": [ 3 ],
            "CLK": [ 2 ],
            "D": [ 135 ],
            "Q": [ 136 ]
          }
        },
        "$procdff$80": {
          "hide_name": 1,
          "type": "$dff",
          "parameters": {
            "CLK_POLARITY": "1",
            "WIDTH": "00000000000000000000000000000001"
          },
          "attributes": {
            "src": "/foss/designs/timer_project/src/timer_pwm_interface.v:35.5-87.8"
          },
          "port_directions": {
            "CLK": "input",
            "D": "input",
            "Q": "output"
          },
          "connections": {
            "CLK": [ 2 ],
            "D": [ 88 ],
            "Q": [ 87 ]
          }
        },
        "$procmux$10": {
          "hide_name": 1,
          "type": "$mux",
          "parameters": {
            "WIDTH": "00000000000000000000000000001000"
          },
          "attributes": {
            "full_case": "00000000000000000000000000000001",
            "src": "/foss/designs/timer_project/src/timer_pwm_interface.v:48.21-48.34|/foss/designs/timer_project/src/timer_pwm_interface.v:48.17-54.20"
          },
          "port_directions": {
            "A": "input",
            "B": "input",
            "S": "input",
            "Y": "output"
          },
          "connections": {
            "A": [ 38, 39, 40, 41, 42, 43, 44, 45 ],
            "B": [ "0", "0", "0", "0", "0", "0", "0", "0" ],
            "S": [ 97 ],
            "Y": [ 137, 138, 139, 140, 141, 142, 143, 144 ]
          }
        },
        "$procmux$12": {
          "hide_name": 1,
          "type": "$mux",
          "parameters": {
            "WIDTH": "00000000000000000000000000001000"
          },
          "attributes": {
            "full_case": "00000000000000000000000000000001",
            "src": "/foss/designs/timer_project/src/timer_pwm_interface.v:47.17-47.23|/foss/designs/timer_project/src/timer_pwm_interface.v:47.13-63.16"
          },
          "port_directions": {
            "A": "input",
            "B": "input",
            "S": "input",
            "Y": "output"
          },
          "connections": {
            "A": [ "0", "0", "0", "0", "0", "0", "0", "0" ],
            "B": [ 137, 138, 139, 140, 141, 142, 143, 144 ],
            "S": [ 136 ],
            "Y": [ 111, 112, 113, 114, 115, 116, 117, 118 ]
          }
        },
        "$procmux$15": {
          "hide_name": 1,
          "type": "$mux",
          "parameters": {
            "WIDTH": "00000000000000000000000000000001"
          },
          "attributes": {
            "full_case": "00000000000000000000000000000001",
            "src": "/foss/designs/timer_project/src/timer_pwm_interface.v:47.17-47.23|/foss/designs/timer_project/src/timer_pwm_interface.v:47.13-63.16"
          },
          "port_directions": {
            "A": "input",
            "B": "input",
            "S": "input",
            "Y": "output"
          },
          "connections": {
            "A": [ "0" ],
            "B": [ 108 ],
            "S": [ 136 ],
            "Y": [ 110 ]
          }
        },
        "$procmux$18": {
          "hide_name": 1,
          "type": "$mux",
          "parameters": {
            "WIDTH": "00000000000000000000000000000001"
          },
          "attributes": {
            "full_case": "00000000000000000000000000000001",
            "src": "/foss/designs/timer_project/src/timer_pwm_interface.v:47.17-47.23|/foss/designs/timer_project/src/timer_pwm_interface.v:47.13-63.16"
          },
          "port_directions": {
            "A": "input",
            "B": "input",
            "S": "input",
            "Y": "output"
          },
          "connections": {
            "A": [ "0" ],
            "B": [ 106 ],
            "S": [ 136 ],
            "Y": [ 109 ]
          }
        },
        "$procmux$22": {
          "hide_name": 1,
          "type": "$mux",
          "parameters": {
            "WIDTH": "00000000000000000000000000000001"
          },
          "attributes": {
            "full_case": "00000000000000000000000000000001",
            "src": "/foss/designs/timer_project/src/timer_pwm_interface.v:48.21-48.34|/foss/designs/timer_project/src/timer_pwm_interface.v:48.17-54.20"
          },
          "port_directions": {
            "A": "input",
            "B": "input",
            "S": "input",
            "Y": "output"
          },
          "connections": {
            "A": [ "0" ],
            "B": [ "1" ],
            "S": [ 97 ],
            "Y": [ 145 ]
          }
        },
        "$procmux$24": {
          "hide_name": 1,
          "type": "$mux",
          "parameters": {
            "WIDTH": "00000000000000000000000000000001"
          },
          "attributes": {
            "full_case": "00000000000000000000000000000001",
            "src": "/foss/designs/timer_project/src/timer_pwm_interface.v:47.17-47.23|/foss/designs/timer_project/src/timer_pwm_interface.v:47.13-63.16"
          },
          "port_directions": {
            "A": "input",
            "B": "input",
            "S": "input",
            "Y": "output"
          },
          "connections": {
            "A": [ "0" ],
            "B": [ 145 ],
            "S": [ 136 ],
            "Y": [ 86 ]
          }
        },
        "$procmux$28": {
          "hide_name": 1,
          "type": "$mux",
          "parameters": {
            "WIDTH": "00000000000000000000000000000001"
          },
          "attributes": {
            "src": "/foss/designs/timer_project/src/timer_pwm_interface.v:0.0-0.0|/foss/designs/timer_project/src/timer_pwm_interface.v:67.17-72.24"
          },
          "port_directions": {
            "A": "input",
            "B": "input",
            "S": "input",
            "Y": "output"
          },
          "connections": {
            "A": [ 136 ],
            "B": [ 9 ],
            "S": [ 146 ],
            "Y": [ 147 ]
          }
        },
        "$procmux$29_CMP0": {
          "hide_name": 1,
          "type": "$logic_not",
          "parameters": {
            "A_SIGNED": "00000000000000000000000000000000",
            "A_WIDTH": "00000000000000000000000000000101",
            "Y_WIDTH": "00000000000000000000000000000001"
          },
          "attributes": {
            "src": "/foss/designs/timer_project/src/timer_pwm_interface.v:0.0-0.0|/foss/designs/timer_project/src/timer_pwm_interface.v:67.17-72.24"
          },
          "port_directions": {
            "A": "input",
            "Y": "output"
          },
          "connections": {
            "A": [ 4, 5, 6, 7, 8 ],
            "Y": [ 146 ]
          }
        },
        "$procmux$30": {
          "hide_name": 1,
          "type": "$mux",
          "parameters": {
            "WIDTH": "00000000000000000000000000000001"
          },
          "attributes": {
            "src": "/foss/designs/timer_project/src/timer_pwm_interface.v:66.17-66.25|/foss/designs/timer_project/src/timer_pwm_interface.v:66.13-73.16"
          },
          "port_directions": {
            "A": "input",
            "B": "input",
            "S": "input",
            "Y": "output"
          },
          "connections": {
            "A": [ 136 ],
            "B": [ 147 ],
            "S": [ 17 ],
            "Y": [ 135 ]
          }
        },
        "$procmux$32": {
          "hide_name": 1,
          "type": "$mux",
          "parameters": {
            "WIDTH": "00000000000000000000000000001000"
          },
          "attributes": {
            "src": "/foss/designs/timer_project/src/timer_pwm_interface.v:0.0-0.0|/foss/designs/timer_project/src/timer_pwm_interface.v:67.17-72.24"
          },
          "port_directions": {
            "A": "input",
            "B": "input",
            "S": "input",
            "Y": "output"
          },
          "connections": {
            "A": [ 98, 99, 100, 101, 102, 103, 104, 105 ],
            "B": [ 9, 10, 11, 12, 13, 14, 15, 16 ],
            "S": [ 148 ],
            "Y": [ 149, 150, 151, 152, 153, 154, 155, 156 ]
          }
        },
        "$procmux$33_CMP0": {
          "hide_name": 1,
          "type": "$eq",
          "parameters": {
            "A_SIGNED": "00000000000000000000000000000000",
            "A_WIDTH": "00000000000000000000000000000101",
            "B_SIGNED": "00000000000000000000000000000000",
            "B_WIDTH": "00000000000000000000000000000101",
            "Y_WIDTH": "00000000000000000000000000000001"
          },
          "attributes": {
            "src": "/foss/designs/timer_project/src/timer_pwm_interface.v:0.0-0.0|/foss/designs/timer_project/src/timer_pwm_interface.v:67.17-72.24"
          },
          "port_directions": {
            "A": "input",
            "B": "input",
            "Y": "output"
          },
          "connections": {
            "A": [ 4, 5, 6, 7, 8 ],
            "B": [ "0", "1", "0", "0", "0" ],
            "Y": [ 148 ]
          }
        },
        "$procmux$34": {
          "hide_name": 1,
          "type": "$mux",
          "parameters": {
            "WIDTH": "00000000000000000000000000001000"
          },
          "attributes": {
            "src": "/foss/designs/timer_project/src/timer_pwm_interface.v:66.17-66.25|/foss/designs/timer_project/src/timer_pwm_interface.v:66.13-73.16"
          },
          "port_directions": {
            "A": "input",
            "B": "input",
            "S": "input",
            "Y": "output"
          },
          "connections": {
            "A": [ 98, 99, 100, 101, 102, 103, 104, 105 ],
            "B": [ 149, 150, 151, 152, 153, 154, 155, 156 ],
            "S": [ 17 ],
            "Y": [ 127, 128, 129, 130, 131, 132, 133, 134 ]
          }
        },
        "$procmux$37": {
          "hide_name": 1,
          "type": "$mux",
          "parameters": {
            "WIDTH": "00000000000000000000000000001000"
          },
          "attributes": {
            "src": "/foss/designs/timer_project/src/timer_pwm_interface.v:0.0-0.0|/foss/designs/timer_project/src/timer_pwm_interface.v:67.17-72.24"
          },
          "port_directions": {
            "A": "input",
            "B": "input",
            "S": "input",
            "Y": "output"
          },
          "connections": {
            "A": [ 89, 90, 91, 92, 93, 94, 95, 96 ],
            "B": [ 9, 10, 11, 12, 13, 14, 15, 16 ],
            "S": [ 157 ],
            "Y": [ 158, 159, 160, 161, 162, 163, 164, 165 ]
          }
        },
        "$procmux$38_CMP0": {
          "hide_name": 1,
          "type": "$eq",
          "parameters": {
            "A_SIGNED": "00000000000000000000000000000000",
            "A_WIDTH": "00000000000000000000000000000101",
            "B_SIGNED": "00000000000000000000000000000000",
            "B_WIDTH": "00000000000000000000000000000101",
            "Y_WIDTH": "00000000000000000000000000000001"
          },
          "attributes": {
            "src": "/foss/designs/timer_project/src/timer_pwm_interface.v:0.0-0.0|/foss/designs/timer_project/src/timer_pwm_interface.v:67.17-72.24"
          },
          "port_directions": {
            "A": "input",
            "B": "input",
            "Y": "output"
          },
          "connections": {
            "A": [ 4, 5, 6, 7, 8 ],
            "B": [ "1", "0", "0", "0", "0" ],
            "Y": [ 157 ]
          }
        },
        "$procmux$39": {
          "hide_name": 1,
          "type": "$mux",
          "parameters": {
            "WIDTH": "00000000000000000000000000001000"
          },
          "attributes": {
            "src": "/foss/designs/timer_project/src/timer_pwm_interface.v:66.17-66.25|/foss/designs/timer_project/src/timer_pwm_interface.v:66.13-73.16"
          },
          "port_directions": {
            "A": "input",
            "B": "input",
            "S": "input",
            "Y": "output"
          },
          "connections": {
            "A": [ 89, 90, 91, 92, 93, 94, 95, 96 ],
            "B": [ 158, 159, 160, 161, 162, 163, 164, 165 ],
            "S": [ 17 ],
            "Y": [ 119, 120, 121, 122, 123, 124, 125, 126 ]
          }
        },
        "$procmux$42": {
          "hide_name": 1,
          "type": "$pmux",
          "parameters": {
            "S_WIDTH": "00000000000000000000000000000101",
            "WIDTH": "00000000000000000000000000001000"
          },
          "attributes": {
            "full_case": "00000000000000000000000000000001",
            "src": "/foss/designs/timer_project/src/timer_pwm_interface.v:0.0-0.0|/foss/designs/timer_project/src/timer_pwm_interface.v:77.17-84.24"
          },
          "port_directions": {
            "A": "input",
            "B": "input",
            "S": "input",
            "Y": "output"
          },
          "connections": {
            "A": [ "0", "0", "0", "0", "0", "0", "0", "0" ],
            "B": [ 29, "0", "0", "0", "0", "0", "0", "0", 30, 31, 32, 33, 34, 35, 36, 37, 98, 99, 100, 101, 102, 103, 104, 105, 89, 90, 91, 92, 93, 94, 95, 96, 136, "0", "0", "0", "0", "0", "0", "0" ],
            "S": [ 166, 167, 168, 169, 170 ],
            "Y": [ 171, 172, 173, 174, 175, 176, 177, 178 ]
          }
        },
        "$procmux$43_CMP0": {
          "hide_name": 1,
          "type": "$eq",
          "parameters": {
            "A_SIGNED": "00000000000000000000000000000000",
            "A_WIDTH": "00000000000000000000000000000101",
            "B_SIGNED": "00000000000000000000000000000000",
            "B_WIDTH": "00000000000000000000000000000101",
            "Y_WIDTH": "00000000000000000000000000000001"
          },
          "attributes": {
            "full_case": "00000000000000000000000000000001",
            "src": "/foss/designs/timer_project/src/timer_pwm_interface.v:0.0-0.0|/foss/designs/timer_project/src/timer_pwm_interface.v:77.17-84.24"
          },
          "port_directions": {
            "A": "input",
            "B": "input",
            "Y": "output"
          },
          "connections": {
            "A": [ 4, 5, 6, 7, 8 ],
            "B": [ "0", "0", "1", "0", "0" ],
            "Y": [ 166 ]
          }
        },
        "$procmux$44_CMP0": {
          "hide_name": 1,
          "type": "$eq",
          "parameters": {
            "A_SIGNED": "00000000000000000000000000000000",
            "A_WIDTH": "00000000000000000000000000000101",
            "B_SIGNED": "00000000000000000000000000000000",
            "B_WIDTH": "00000000000000000000000000000101",
            "Y_WIDTH": "00000000000000000000000000000001"
          },
          "attributes": {
            "full_case": "00000000000000000000000000000001",
            "src": "/foss/designs/timer_project/src/timer_pwm_interface.v:0.0-0.0|/foss/designs/timer_project/src/timer_pwm_interface.v:77.17-84.24"
          },
          "port_directions": {
            "A": "input",
            "B": "input",
            "Y": "output"
          },
          "connections": {
            "A": [ 4, 5, 6, 7, 8 ],
            "B": [ "1", "1", "0", "0", "0" ],
            "Y": [ 167 ]
          }
        },
        "$procmux$45_CMP0": {
          "hide_name": 1,
          "type": "$eq",
          "parameters": {
            "A_SIGNED": "00000000000000000000000000000000",
            "A_WIDTH": "00000000000000000000000000000101",
            "B_SIGNED": "00000000000000000000000000000000",
            "B_WIDTH": "00000000000000000000000000000101",
            "Y_WIDTH": "00000000000000000000000000000001"
          },
          "attributes": {
            "full_case": "00000000000000000000000000000001",
            "src": "/foss/designs/timer_project/src/timer_pwm_interface.v:0.0-0.0|/foss/designs/timer_project/src/timer_pwm_interface.v:77.17-84.24"
          },
          "port_directions": {
            "A": "input",
            "B": "input",
            "Y": "output"
          },
          "connections": {
            "A": [ 4, 5, 6, 7, 8 ],
            "B": [ "0", "1", "0", "0", "0" ],
            "Y": [ 168 ]
          }
        },
        "$procmux$46_CMP0": {
          "hide_name": 1,
          "type": "$eq",
          "parameters": {
            "A_SIGNED": "00000000000000000000000000000000",
            "A_WIDTH": "00000000000000000000000000000101",
            "B_SIGNED": "00000000000000000000000000000000",
            "B_WIDTH": "00000000000000000000000000000101",
            "Y_WIDTH": "00000000000000000000000000000001"
          },
          "attributes": {
            "full_case": "00000000000000000000000000000001",
            "src": "/foss/designs/timer_project/src/timer_pwm_interface.v:0.0-0.0|/foss/designs/timer_project/src/timer_pwm_interface.v:77.17-84.24"
          },
          "port_directions": {
            "A": "input",
            "B": "input",
            "Y": "output"
          },
          "connections": {
            "A": [ 4, 5, 6, 7, 8 ],
            "B": [ "1", "0", "0", "0", "0" ],
            "Y": [ 169 ]
          }
        },
        "$procmux$47_CMP0": {
          "hide_name": 1,
          "type": "$logic_not",
          "parameters": {
            "A_SIGNED": "00000000000000000000000000000000",
            "A_WIDTH": "00000000000000000000000000000101",
            "Y_WIDTH": "00000000000000000000000000000001"
          },
          "attributes": {
            "full_case": "00000000000000000000000000000001",
            "src": "/foss/designs/timer_project/src/timer_pwm_interface.v:0.0-0.0|/foss/designs/timer_project/src/timer_pwm_interface.v:77.17-84.24"
          },
          "port_directions": {
            "A": "input",
            "Y": "output"
          },
          "connections": {
            "A": [ 4, 5, 6, 7, 8 ],
            "Y": [ 170 ]
          }
        },
        "$procmux$48": {
          "hide_name": 1,
          "type": "$mux",
          "parameters": {
            "WIDTH": "00000000000000000000000000001000"
          },
          "attributes": {
            "src": "/foss/designs/timer_project/src/timer_pwm_interface.v:76.17-76.24|/foss/designs/timer_project/src/timer_pwm_interface.v:76.13-85.16"
          },
          "port_directions": {
            "A": "input",
            "B": "input",
            "S": "input",
            "Y": "output"
          },
          "connections": {
            "A": [ 19, 20, 21, 22, 23, 24, 25, 26 ],
            "B": [ 171, 172, 173, 174, 175, 176, 177, 178 ],
            "S": [ 18 ],
            "Y": [ 70, 71, 72, 73, 74, 75, 76, 77 ]
          }
        }
      },
      "netnames": {
        "$0\\cnt[7:0]": {
          "hide_name": 1,
          "bits": [ 111, 112, 113, 114, 115, 116, 117, 118 ],
          "attributes": {
            "src": "/foss/designs/timer_project/src/timer_pwm_interface.v:35.5-87.8"
          }
        },
        "$0\\duty[7:0]": {
          "hide_name": 1,
          "bits": [ 127, 128, 129, 130, 131, 132, 133, 134 ],
          "attributes": {
            "src": "/foss/designs/timer_project/src/timer_pwm_interface.v:35.5-87.8"
          }
        },
        "$0\\enable[0:0]": {
          "hide_name": 1,
          "bits": [ 135 ],
          "attributes": {
            "src": "/foss/designs/timer_project/src/timer_pwm_interface.v:35.5-87.8"
          }
        },
        "$0\\irq_timer_next[0:0]": {
          "hide_name": 1,
          "bits": [ 86 ],
          "attributes": {
            "src": "/foss/designs/timer_project/src/timer_pwm_interface.v:35.5-87.8"
          }
        },
        "$0\\outa[0:0]": {
          "hide_name": 1,
          "bits": [ 109 ],
          "attributes": {
            "src": "/foss/designs/timer_project/src/timer_pwm_interface.v:35.5-87.8"
          }
        },
        "$0\\outb[0:0]": {
          "hide_name": 1,
          "bits": [ 110 ],
          "attributes": {
            "src": "/foss/designs/timer_project/src/timer_pwm_interface.v:35.5-87.8"
          }
        },
        "$0\\period[7:0]": {
          "hide_name": 1,
          "bits": [ 119, 120, 121, 122, 123, 124, 125, 126 ],
          "attributes": {
            "src": "/foss/designs/timer_project/src/timer_pwm_interface.v:35.5-87.8"
          }
        },
        "$0\\rdata[7:0]": {
          "hide_name": 1,
          "bits": [ 70, 71, 72, 73, 74, 75, 76, 77 ],
          "attributes": {
            "src": "/foss/designs/timer_project/src/timer_pwm_interface.v:35.5-87.8"
          }
        },
        "$add$/foss/designs/timer_project/src/timer_pwm_interface.v:52$3_Y": {
          "hide_name": 1,
          "bits": [ 38, 39, 40, 41, 42, 43, 44, 45, 46, 47, 48, 49, 50, 51, 52, 53, 54, 55, 56, 57, 58, 59, 60, 61, 62, 63, 64, 65, 66, 67, 68, 69 ],
          "attributes": {
            "src": "/foss/designs/timer_project/src/timer_pwm_interface.v:52.28-52.35",
            "unused_bits": "8 9 10 11 12 13 14 15 16 17 18 19 20 21 22 23 24 25 26 27 28 29 30 31"
          }
        },
        "$auto$rtlil.cc:2874:Mux$53": {
          "hide_name": 1,
          "bits": [ 78, 79, 80, 81, 82, 83, 84, 85 ],
          "attributes": {
          }
        },
        "$auto$rtlil.cc:2874:Mux$79": {
          "hide_name": 1,
          "bits": [ 88 ],
          "attributes": {
          }
        },
        "$ge$/foss/designs/timer_project/src/timer_pwm_interface.v:48$2_Y": {
          "hide_name": 1,
          "bits": [ 97 ],
          "attributes": {
            "src": "/foss/designs/timer_project/src/timer_pwm_interface.v:48.21-48.34"
          }
        },
        "$lt$/foss/designs/timer_project/src/timer_pwm_interface.v:56$4_Y": {
          "hide_name": 1,
          "bits": [ 106 ],
          "attributes": {
            "src": "/foss/designs/timer_project/src/timer_pwm_interface.v:56.26-56.36"
          }
        },
        "$lt$/foss/designs/timer_project/src/timer_pwm_interface.v:57$5_Y": {
          "hide_name": 1,
          "bits": [ 107 ],
          "attributes": {
            "src": "/foss/designs/timer_project/src/timer_pwm_interface.v:57.27-57.37"
          }
        },
        "$not$/foss/designs/timer_project/src/timer_pwm_interface.v:57$6_Y": {
          "hide_name": 1,
          "bits": [ 108 ],
          "attributes": {
            "src": "/foss/designs/timer_project/src/timer_pwm_interface.v:57.25-57.38"
          }
        },
        "$procmux$10_Y": {
          "hide_name": 1,
          "bits": [ 137, 138, 139, 140, 141, 142, 143, 144 ],
          "attributes": {
          }
        },
        "$procmux$22_Y": {
          "hide_name": 1,
          "bits": [ 145 ],
          "attributes": {
          }
        },
        "$procmux$28_Y": {
          "hide_name": 1,
          "bits": [ 147 ],
          "attributes": {
          }
        },
        "$procmux$29_CMP": {
          "hide_name": 1,
          "bits": [ 146 ],
          "attributes": {
          }
        },
        "$procmux$32_Y": {
          "hide_name": 1,
          "bits": [ 149, 150, 151, 152, 153, 154, 155, 156 ],
          "attributes": {
          }
        },
        "$procmux$33_CMP": {
          "hide_name": 1,
          "bits": [ 148 ],
          "attributes": {
          }
        },
        "$procmux$37_Y": {
          "hide_name": 1,
          "bits": [ 158, 159, 160, 161, 162, 163, 164, 165 ],
          "attributes": {
          }
        },
        "$procmux$38_CMP": {
          "hide_name": 1,
          "bits": [ 157 ],
          "attributes": {
          }
        },
        "$procmux$42_Y": {
          "hide_name": 1,
          "bits": [ 171, 172, 173, 174, 175, 176, 177, 178 ],
          "attributes": {
          }
        },
        "$procmux$43_CMP": {
          "hide_name": 1,
          "bits": [ 166 ],
          "attributes": {
          }
        },
        "$procmux$44_CMP": {
          "hide_name": 1,
          "bits": [ 167 ],
          "attributes": {
          }
        },
        "$procmux$45_CMP": {
          "hide_name": 1,
          "bits": [ 168 ],
          "attributes": {
          }
        },
        "$procmux$46_CMP": {
          "hide_name": 1,
          "bits": [ 169 ],
          "attributes": {
          }
        },
        "$procmux$47_CMP": {
          "hide_name": 1,
          "bits": [ 170 ],
          "attributes": {
          }
        },
        "addr": {
          "hide_name": 0,
          "bits": [ 4, 5, 6, 7, 8 ],
          "attributes": {
            "src": "/foss/designs/timer_project/src/timer_pwm_interface.v:6.17-6.21"
          }
        },
        "clk": {
          "hide_name": 0,
          "bits": [ 2 ],
          "attributes": {
            "src": "/foss/designs/timer_project/src/timer_pwm_interface.v:4.11-4.14"
          }
        },
        "cnt": {
          "hide_name": 0,
          "bits": [ 30, 31, 32, 33, 34, 35, 36, 37 ],
          "attributes": {
            "init": "00000000",
            "src": "/foss/designs/timer_project/src/timer_pwm_interface.v:16.21-16.24"
          }
        },
        "duty": {
          "hide_name": 0,
          "bits": [ 98, 99, 100, 101, 102, 103, 104, 105 ],
          "attributes": {
            "init": "00110010",
            "src": "/foss/designs/timer_project/src/timer_pwm_interface.v:18.21-18.25"
          }
        },
        "enable": {
          "hide_name": 0,
          "bits": [ 136 ],
          "attributes": {
            "init": "0",
            "src": "/foss/designs/timer_project/src/timer_pwm_interface.v:19.9-19.15"
          }
        },
        "irq_timer": {
          "hide_name": 0,
          "bits": [ 29 ],
          "attributes": {
            "init": "0",
            "src": "/foss/designs/timer_project/src/timer_pwm_interface.v:13.16-13.25"
          }
        },
        "irq_timer_next": {
          "hide_name": 0,
          "bits": [ 87 ],
          "attributes": {
            "init": "0",
            "src": "/foss/designs/timer_project/src/timer_pwm_interface.v:21.9-21.23"
          }
        },
        "outa": {
          "hide_name": 0,
          "bits": [ 27 ],
          "attributes": {
            "init": "0",
            "src": "/foss/designs/timer_project/src/timer_pwm_interface.v:11.16-11.20"
          }
        },
        "outb": {
          "hide_name": 0,
          "bits": [ 28 ],
          "attributes": {
            "init": "0",
            "src": "/foss/designs/timer_project/src/timer_pwm_interface.v:12.16-12.20"
          }
        },
        "period": {
          "hide_name": 0,
          "bits": [ 89, 90, 91, 92, 93, 94, 95, 96 ],
          "attributes": {
            "init": "01100100",
            "src": "/foss/designs/timer_project/src/timer_pwm_interface.v:17.21-17.27"
          }
        },
        "rdata": {
          "hide_name": 0,
          "bits": [ 19, 20, 21, 22, 23, 24, 25, 26 ],
          "attributes": {
            "init": "00000000",
            "src": "/foss/designs/timer_project/src/timer_pwm_interface.v:10.22-10.27"
          }
        },
        "read_en": {
          "hide_name": 0,
          "bits": [ 18 ],
          "attributes": {
            "src": "/foss/designs/timer_project/src/timer_pwm_interface.v:9.11-9.18"
          }
        },
        "rst": {
          "hide_name": 0,
          "bits": [ 3 ],
          "attributes": {
            "src": "/foss/designs/timer_project/src/timer_pwm_interface.v:5.11-5.14"
          }
        },
        "wdata": {
          "hide_name": 0,
          "bits": [ 9, 10, 11, 12, 13, 14, 15, 16 ],
          "attributes": {
            "src": "/foss/designs/timer_project/src/timer_pwm_interface.v:7.17-7.22"
          }
        },
        "write_en": {
          "hide_name": 0,
          "bits": [ 17 ],
          "attributes": {
            "src": "/foss/designs/timer_project/src/timer_pwm_interface.v:8.11-8.19"
          }
        }
      }
    }
  }
}
